날짜,종목명,티커,AI예측,확신도,핫키워드,뉴스판정,뉴스요약,뉴스출처,패턴판정,차트판정,핵심사유
2026-03-16,삼성전자,005930,▲ 상승,75,정배열,단순 기대감,REST 방식 뉴스 수집 실패: 503 Server Error: Service Unavailable for url: https://generativelanguage.googleapis.com/v1beta/models/gemini-2.5-flash:generateContent,출처 없음,유사패턴 혼조,혼조,"정배열 상태에서 단기 이평선인 20일선을 하회하고 있으나, 60일선을 상회하며 중기 추세가 견고하고 전일 대비 2.83% 상승한 점을 고려할 때 20일선 회복 시도가 예상됩니다."
2026-03-16,NVDA,NVDA,▼ 하락,75,뉴스수집실패,단순 기대감,REST 방식 뉴스 수집 실패: 503 Server Error: Service Unavailable for url: https://generativelanguage.googleapis.com/v1beta/models/gemini-2.5-flash:generateContent,출처 없음,유사패턴 혼조,약세,"현재가가 20일선과 60일선을 모두 하회하고 이평선 배열이 역배열인 약세 차트 흐름이 뚜렷하며, 뉴스 및 과거 패턴에서 상승 동력을 찾기 어려워 단기 하락 가능성이 높습니다."
2026-03-16,TSLA,TSLA,▼ 하락,90,테슬라,실질 악재,"2026년 3월 중순 테슬라 주가는 단기 상승했으나, 완전자율주행(FSD) 시스템에 대한 규제 당국의 압박 심화와 3월 중국 소매 판매량의 큰 폭 감소, 유럽 시장에서의 경쟁 심화 등으로 전반적인 수요 둔화와 부정적 기술적 분석이 이어져 하락 압력을 받았다.","stockinvest.us, investing.com, electrek.co",유사패턴 혼조,약세,"현재 주가는 20일선과 60일선 모두 하회하며 역배열을 보이는 강한 하락 추세 속에, FSD 규제 심화와 주요 시장 수요 둔화라는 실질 악재가 겹쳐 단기 하락 압력이 매우 높습니다."
2026-03-16,AAPL,AAPL,━ 관망,65,신제품 출시 및 사업 확장,실질 호재,"2026년 3월 애플은 새로운 MacBook Neo, iPhone 17e, iPad Air를 출시하며 제품 라인업을 강화했고, 기업 고객을 위한 통합 플랫폼인 Apple Business를 선보이며 사업 확장을 알렸다.","macdailynews.com, apple.com, tradersunion.com",유사패턴 혼조,약세,"현재가가 20일선과 60일선을 하회하고 이평선이 역배열을 보이는 약세 차트에도 불구하고, 신제품 출시와 사업 확장이라는 강력한 실질 호재가 존재하여 단기 방향성 예측에 대한 확신이 부족하다."
2026-03-16,GOOGL,GOOGL,▼ 하락,75,뉴스수집실패,단순 기대감,REST 방식 뉴스 수집 실패: 503 Server Error: Service Unavailable for url: https://generativelanguage.googleapis.com/v1beta/models/gemini-2.5-flash:generateContent,출처 없음,유사패턴 혼조,약세,"현재가가 20일선과 60일선을 모두 하회하며 역배열을 형성하여 명확한 약세 추세를 보이나, 뉴스 및 과거 패턴에서 추가적인 방향성 신호는 확인되지 않습니다."
2026-03-16,삼진제약,000520,▲ 상승,75,월드클래스 플러스 프로젝트,실질 호재,삼진제약이 산업통상자원부 주관의 '월드클래스 플러스 프로젝트'에 최종 선정되어 혁신 신약 및 ADC 플랫폼 개발에 대한 정부 지원을 받으며 글로벌 성장 잠재력을 인정받았다.,"dailypharm.com, hitnews.co.kr",유사패턴 혼조,약세,"현재가는 주요 이동평균선 아래에 있지만, '월드클래스 플러스 프로젝트' 선정은 강력한 실질 호재로 단기 상승 모멘텀을 형성할 것으로 예상된다."
2026-03-16,케이뱅크,272210,▲ 상승,88,IPO,실질 호재,"케이뱅크는 세 번의 시도 끝에 2026년 3월 5일 코스피 시장에 성공적으로 상장하여 약 4,980억 원의 공모 자금을 확보했으며, 이는 신규 여신 성장 및 신사업 확대를 위한 발판을 마련했다는 평가를 받는다.","mk.co.kr, hankyung.com, ebc.com",유사패턴 혼조,강세,"케이뱅크의 성공적인 IPO를 통한 대규모 자금 확보는 신사업 확장과 여신 성장의 강력한 동력이 되며, 이는 현재 견고한 정배열 차트와 결합하여 단기적인 추가 상승 가능성을 높인다."
2026-03-16,리얼티인컴,O,▲ 상승,75,배당 및 파트너십,실질 호재,"리얼티인컴은 3월 11일 월 배당금을 134번째 인상하여 주당 0.2705달러로 올렸으며, 3월 19일에는 아폴로와 10억 달러 규모의 소매 자산 합작 투자 파트너십을 발표하며 성장 전략을 강화했다.","zacks.com, realtyincome.com, investing.com",유사패턴 혼조,혼조,월 배당금 인상과 10억 달러 규모의 소매 자산 합작 투자 파트너십 발표라는 강력한 실질 호재가 단기 하회 중인 20일선 추세에도 불구하고 상승 동력을 제공할 것으로 판단됩니다.
2026-03-16,포스코DX,022100,▲ 상승,75,AI Native Company,실질 호재,"포스코DX는 3월 4일부터 6일까지 '스마트공장·자동화산업전'에 참가하여 AI 및 로봇 기반 AX/DX 기술 역량을 선보였으며, AI 에이전트 개발 및 피지컬 AI 확산을 통해 'AI Native Company'로의 전환을 가속화하고 있다.","poscodx.com, asiae.co.kr, newstomato.com",유사패턴 혼조,혼조,"'AI Native Company'로의 전환 가속화 소식이 강력한 실질 호재로 단기 상승 모멘텀을 제공하지만, 현재 차트가 단기 이평선을 하회하며 혼조세를 보이는 점은 단기적 불확실성을 더합니다."
2026-03-16,카카오,035720,▼ 하락,80,하락 추세,단순 기대감,REST 방식 뉴스 수집 실패: 503 Server Error: Service Unavailable for url: https://generativelanguage.googleapis.com/v1beta/models/gemini-2.5-flash:generateContent,출처 없음,유사패턴 혼조,약세,"현재가가 20일선과 60일선을 모두 하회하고 이평선이 역배열을 형성하는 등 차트에서 강한 하락 추세가 관찰되며, 이를 반전시킬 긍정적 뉴스나 과거 패턴이 부재하다."
2026-03-17,삼성전자,005930,▲ 상승,75,뉴스수집실패,단순 기대감,REST 방식 뉴스 수집 실패: 503 Server Error: Service Unavailable for url: https://generativelanguage.googleapis.com/v1beta/models/gemini-2.5-flash:generateContent,출처 없음,유사패턴 혼조,강세,"현재가가 20일선과 60일선을 상회하고 이평선이 정배열을 형성하며 강한 상승 추세를 보이는 가운데, 특별한 하락 재료가 없는 점을 고려하면 단기 상승 가능성이 높습니다."
2026-03-17,NVDA,NVDA,▲ 상승,75,GTC 2026,실질 호재,"엔비디아는 2026년 3월 GTC 컨퍼런스에서 차세대 AI 아키텍처 'Rubin'을 공개하고 2027년까지 Blackwell 및 Rubin 칩 누적 매출 1조 달러를 전망하며, AI 인프라 시장에서의 지배력 강화를 확인시켰다. 이러한 발표에 힘입어 다수의 분석기관이 엔비디아의 목표 주가를 상향 조정하며 긍정적인 전망을 유지했다.","financialcontent.com, youtube.com, thestreet.com",유사패턴 혼조,약세,"새로운 AI 아키텍처 'Rubin' 공개와 1조 달러 매출 전망, 그리고 분석기관 목표주가 상향 조정 소식은 현재의 기술적 약세를 극복하고 단기적으로 주가 상승을 이끌 것으로 예상된다."
2026-03-17,TSLA,TSLA,▼ 하락,90,판매량 감소,실질 악재,"테슬라는 3월 미국 판매량이 전년 대비 7.9% 감소하며 6개월 연속 하락세를 기록했고, 동시에 자율주행(FSD) 시스템 관련 소송 및 규제 압박이 지속되고 있다.","eletric-vehicles.com, electrek.co",유사패턴 혼조,약세,"현재가가 20일선과 60일선을 모두 하회하며 역배열을 형성해 기술적 약세를 보이는 가운데, 판매량 감소 및 FSD 관련 악재 뉴스까지 겹쳐 단기 하락 압력이 매우 높습니다."
2026-03-17,AAPL,AAPL,▲ 상승,75,신제품 출시 및 실적,실질 호재,"애플은 3월 초 M5 칩 기반 맥북 에어, 아이폰 17e, 에어팟 맥스 2 등 다수의 신제품을 출시하며 제품 라인업을 강화했으며, 2026년 1분기에 기록적인 매출과 주당순이익을 달성하며 견조한 실적을 발표했다.","macworld.com, macrumors.com, apple.com",유사패턴 혼조,약세,"현재가는 20일선과 60일선 아래에 위치하며 역배열을 형성하여 단기 기술적 약세를 보이지만, 기록적인 1분기 실적 달성 및 신제품 출시라는 강력한 실질 호재가 단기 반등 모멘텀으로 작용할 가능성이 높다."
2026-03-17,GOOGL,GOOGL,▼ 하락,75,AI 투자,단순 기대감,"Alphabet은 2026년 AI 인프라에 1,750억~1,850억 달러를 투자하고 3월에 Gemini 기능 확대를 발표하며 AI 중심의 장기 성장 기대를 높였습니다. 그러나 이러한 대규모 투자로 인해 단기적인 마진 압박과 수익 둔화가 예상됩니다.","blog.google, capital.com, fool.com",유사패턴 혼조,혼조,"대규모 AI 투자로 인한 단기 마진 압박과 수익 둔화가 예상되며, 기술적 지표 또한 역배열 속에 혼조세를 보이며 단기 하방 압력이 우세합니다."
2026-03-17,삼진제약,000520,▲ 상승,82,신약 개발 투자,실질 호재,"삼진제약은 4월 초 산업통상자원부의 '월드클래스 플러스 프로젝트'에 선정되어 혁신 신약(SJN314) 및 항체-약물접합체(ADC) 플랫폼 개발에 대한 40억 원 규모의 정부 R&D 지원을 확보했다. 또한, 이대서울병원과 편두통 치료제를 포함한 중추신경계 질환 신약 공동 연구를 위한 MOU를 체결하며 신약 파이프라인을 강화하고 있다.","koreabiomed.com, sedaily.com, chosun.com",유사패턴 혼조,강세,"정부 R&D 지원과 신약 파이프라인 강화라는 실질 호재가 강한 매수세를 유발했으며, 차트의 정배열과 전일 대비 높은 거래량이 단기 상승 추세를 지지한다."
2026-03-17,케이뱅크,272210,━ 관망,60,케이뱅크 실적,실질 악재,"케이뱅크는 2025년 연간 당기순이익이 전년 대비 12.1% 감소한 1,126억원을 기록했으며, 이는 주로 가상자산 예치금 이자율 인상으로 인한 이자이익 감소에 기인한다.","chosun.com, hankyung.com, yna.co.kr",유사패턴 혼조,강세,"강력한 정배열 차트가 상승 추세를 나타내지만, 2025년 순이익 12.1% 감소라는 실질 악재 뉴스가 단기 불확실성을 가중시켜 관망이 필요하다."
2026-03-17,리얼티인컴,O,▲ 상승,75,배당금 및 전략적 파트너십,실질 호재,"리얼티인컴은 3월 11일 월별 배당금을 주당 0.2705달러로 인상하며 꾸준한 배당 성장을 이어갔고, 3월 19일에는 아폴로와 전략적 파트너십을 체결하며 사업 확장을 위한 중요한 발판을 마련했습니다.","dividendinvestor.com, realtyincome.com, nasdaq.com",유사패턴 혼조,혼조,"강력한 배당금 인상과 전략적 파트너십 호재가 단기 상승 모멘텀을 제공할 것으로 예상되는 가운데, 차트는 단기 조정을 보이나 중장기적 정배열 추세는 유지되고 있다."
2026-03-17,포스코DX,022100,━ 관망,65,AX/DX 전환,단순 기대감,"포스코DX는 2026년 3월 초 '스마트공장·자동화산업전'에 참가하여 자체 개발한 AI 에이전트와 로봇 기반 피지컬 AI 기술을 선보이며, 'AI 네이티브 기업'으로의 전환을 통해 미래 성장 동력 확보에 대한 기대감을 높였다.","edaily.co.kr, chosun.com, zdnet.co.kr",유사패턴 혼조,혼조,"현재가는 20일선과 60일선을 하회하여 단기적 약세를 보이지만, 이평선 정배열과 '단순 기대감' 뉴스 재료가 하방 경직성을 제공하며 강한 상승 또는 하락 모멘텀이 부족하여 관망이 필요하다."
2026-03-17,카카오,035720,▼ 하락,80,주가 하락,실질 악재,"카카오 주가는 2026년 3월 23일 5.80% 급락하며 투자 심리 위축을 보였는데, 이는 AI 사업의 수익화 지연 우려와 미흡한 주주환원책에 대한 시장의 불안감이 반영된 것으로 분석된다.","hosu-news.com, fntimes.com, daum.net",유사패턴 혼조,약세,"현재가가 20일선과 60일선을 모두 하회하고 이평선이 역배열인 기술적 약세 추세 속에서, AI 사업 수익화 지연 우려와 미흡한 주주환원책이라는 실질 악재 뉴스가 투자 심리를 더욱 위축시켜 단기 하락 압력이 높습니다."
2026-03-18,삼성전자,005930,▲ 상승,78,반도체 호황 및 주가 상승,실질 호재,"2026년 1분기 역대급 실적이 예상되는 가운데, 삼성전자는 엔비디아 신제품 제조 및 주주총회 발표로 주가가 상승세를 보였으며 D램 현물 가격도 강세를 나타냈다. 다만, 노조의 5월 총파업 선언은 잠재적인 악재로 지목되었다.","youtube.com, samsung.com, daum.net",유사패턴 혼조,강세,"현재 차트는 강력한 정배열 상승 추세에 있으며, 반도체 호황과 역대급 실적 기대감이 주가를 견인하지만, 노조 파업 리스크는 잠재적 불안 요소입니다."
2026-03-18,NVDA,NVDA,▲ 상승,75,1조 달러 수주,실질 호재,"엔비디아는 2026년 3월 GTC에서 새로운 루빈 아키텍처를 공개하고 2027년까지 1조 달러 규모의 AI 칩 수주를 전망하며 강력한 미래 성장 동력을 제시했다. 또한, 2026 회계연도 4분기 실적이 예상을 상회하며 데이터센터 매출이 크게 증가했고, 월가 애널리스트들은 목표주가를 상향 조정하며 긍정적인 전망을 내놓았다.","financialcontent.com, youtube.com, benzinga.com",유사패턴 혼조,약세,"압도적인 미래 성장 동력(루빈 아키텍처, 1조 달러 수주)과 예상 상회 실적 발표가 단기 기술적 약세를 상쇄하며 매수세를 유발할 것으로 예상된다."
2026-03-18,TSLA,TSLA,━ 관망,65,Terafab 프로젝트,실질 호재,"테슬라는 2026년 3월 21일 xAI, 스페이스X, 인텔과 함께 AI 컴퓨팅 생산을 위한 대규모 반도체 제조 공장인 테라팹(Terafab) 프로젝트를 발표하며, 칩 생산 분야로의 중요한 전략적 확장을 알렸다.",wikipedia.org,유사패턴 혼조,약세,"현재 차트는 이동평균선 역배열과 현재가 하회로 강력한 약세 추세를 시사하지만, 며칠 뒤 발표될 AI 컴퓨팅 칩 생산 관련 테라팹 프로젝트는 시장에 강력한 실질 호재로 작용할 예정이므로 단기 방향성에 대한 관망이 필요합니다."
2026-03-18,AAPL,AAPL,━ 관망,60,"신제품 출시, 실적 호조",실질 호재,"애플은 2026년 1분기 기록적인 매출을 달성하고 3월 초 MacBook Neo, iPhone 17e 등 신제품을 출시하며 견조한 실적을 보였습니다. 이에 따라 아이폰 판매 강세와 서비스 부문 성장에 대한 긍정적인 전망이 나왔습니다.","capital.com, fool.com, bingx.com",유사패턴 혼조,약세,최근 실적 호조와 신제품 출시에도 불구하고 주가는 주요 이동평균선 아래에서 역배열을 형성하며 단기 기술적 약세를 보이고 있어 상충하는 신호가 나타난다.
2026-03-18,GOOGL,GOOGL,▲ 상승,75,AI 및 클라우드,실질 호재,"구글은 3월 중 Gemini AI 역량 강화 및 Wiz 인수를 완료하고 Kingfisher와의 Google Cloud AI 파트너십을 체결하며 AI 및 클라우드 부문에서 실질적인 성과를 보였습니다. 또한, 2026년 3월 핵심 업데이트를 통해 검색 품질 향상 및 저품질 AI 콘텐츠 단속에 주력했습니다.","blog.google, abc.xyz, googlecloudpresscorner.com",유사패턴 혼조,혼조,"구글의 AI 및 클라우드 부문에서의 실질적인 성과와 핵심 업데이트는 강력한 단기 상승 동력으로 작용할 것이며, 현재가가 20일선 위에 위치하여 단기적인 지지력을 보여주고 있지만 역배열 추세는 상승 폭을 제한할 수 있습니다."
2026-03-18,삼진제약,000520,▼ 하락,78,신약 포트폴리오 재편,단순 기대감,삼진제약은 3월 18일 MASH 파이프라인 4건 개발을 중단하고 GLP-1 중심의 R&D 재정렬을 통해 기술이전 및 상업화 가능성이 높은 분야에 집중하며 신약 포트폴리오를 재편했다.,"dailypharm.com, asiatoday.co.kr",유사패턴 혼조,약세,"현재가가 20일선과 60일선을 모두 하회하며 전일대비 크게 하락하여 단기 약세 신호가 강하고, 신약 포트폴리오 재편 뉴스는 단순 기대감으로 단기적인 주가 하락을 방어하지 못했습니다."
2026-03-18,케이뱅크,272210,━ 관망,60,케이뱅크 IPO,실질 악재,"케이뱅크는 3월 5일 세 번째 도전 끝에 코스피에 상장하며 자본을 확충했으나, 상장 첫날 주가가 급등락한 뒤 공모가를 하회했고 한 달 만에 희망퇴직을 실시하고 예금금리를 인하하는 등 주가 하락과 실적 부담에 직면했다.","youtube.com, dailian.co.kr, chosun.com",유사패턴 혼조,강세,"현재가는 20일선과 60일선을 상회하고 이평선이 정배열을 이루며 강세 신호를 보이나, IPO 이후 공모가 하회, 희망퇴직, 예금금리 인하 등 실질적인 악재가 겹쳐 단기 방향성을 예측하기 어렵다."
2026-03-18,리얼티인컴,O,▲ 상승,75,배당금 인상,실질 호재,"리얼티인컴은 134번째 월 배당금 인상(주당 0.2705달러)을 발표하며 주주 환원 정책을 강화했고, 아폴로와 10억 달러 규모의 소매 자산 합작 투자를 체결하여 포트폴리오 확장 및 AFFO 성장을 위한 전략적 움직임을 보였습니다.","zacks.com, realtyincome.com, mydailybyte.com",유사패턴 혼조,혼조,강력한 실질 호재인 배당금 인상과 전략적 파트너십이 단기적인 차트의 약세에도 불구하고 주가의 상승 전환을 지지할 것으로 예상된다.
2026-03-18,포스코DX,022100,▼ 하락,75,AI 전환,단순 기대감,포스코DX는 '2026 스마트공장·자동화산업전'에 참가하여 AI 기반의 스마트공장 솔루션과 로봇 자동화 기술을 선보이며 'AI Native Company'로의 전환을 가속화하고 있다.,"poscodx.com, newstomato.com, mt.co.kr",유사패턴 혼조,약세,"현재가가 20일선과 60일선을 모두 하회하며 단기 기술적 약세가 지배적이며, AI 전환 관련 뉴스는 단순 기대감에 그쳐 즉각적인 상승 모멘텀으로 작용하기 어렵다."
2026-03-18,카카오,035720,━ 관망,65,1분기 실적,실질 호재,카카오는 톡비즈 광고 매출 성장과 사업 구조조정 효과에 힘입어 2026년 1분기 영업이익이 전년 대비 70% 이상 급증할 것으로 전망되고 있다.,daum.net,유사패턴 혼조,약세,강력한 1분기 실적 호재 전망에도 불구하고 현재가가 주요 이동평균선들을 하회하며 역배열 상태를 보여 단기적인 상승 추세로의 전환 확신이 부족하다.
2026-03-19,삼성전자,005930,▲ 상승,90,HBM4,실질 호재,"삼성전자는 2026년을 'AI 혁신의 원년'으로 선포하고, 세계 최초 HBM4 양산 성공으로 AI 반도체 시장 리더십을 강화하며 2026년 HBM 매출 3배 성장을 전망했습니다.","mk.co.kr, press9.kr, samsungsemiconductor.com",유사패턴 혼조,강세,삼성전자는 세계 최초 HBM4 양산 성공과 2026년 AI 반도체 시장 리더십 강화에 대한 실질적 호재 속에서 기술적으로도 정배열 추세를 유지하며 단기 상승 가능성이 높습니다.
2026-03-19,NVDA,NVDA,━ 관망,60,AI 인프라 확장,실질 호재,"엔비디아는 GTC 2026에서 차세대 GPU 아키텍처 '베라 루빈', AI 추론 칩 '네오트론 3 슈퍼' 등 신기술과 주요 파트너십을 발표하며 AI 풀 스택 인프라 확장을 가속화했다.","mindstudio.ai, nvidia.com",유사패턴 혼조,약세,"기술적 지표는 단기 하락 추세와 역배열을 나타내지만, GTC 2026에서 발표된 차세대 AI 기술 및 파트너십은 강력한 실질 호재로 단기 방향성에 대한 상충된 신호를 보인다."
2026-03-19,TSLA,TSLA,▼ 하락,88,FSD 규제 조사,실질 악재,미국 도로교통안전국(NHTSA)이 테슬라의 FSD(Full Self-Driving) 시스템에 대한 조사를 엔지니어링 분석 단계로 격상하여 약 320만 대 차량에 대한 잠재적 리콜 가능성 및 비용 증가 우려를 낳고 있다.,"tradingkey.com, youtube.com",유사패턴 혼조,약세,"현재 주가는 주요 이동평균선을 하회하며 역배열을 형성한 약세 추세에 있으며, FSD 규제 조사의 엔지니어링 분석 격상 소식은 잠재적 리콜 비용 우려를 증폭시키는 실질 악재로 작용한다."
2026-03-19,AAPL,AAPL,▲ 상승,65,신제품 출시 및 실적,실질 호재,"애플은 3월 초 아이폰 17e, M4 아이패드 에어, M5 맥북 에어, M5 Pro/Max 맥북 프로, 보급형 맥북 Neo 등 다수의 신제품을 출시하며 광범위한 제품군을 업데이트했고, 팀 쿡 CEO의 은퇴설 일축 및 강력한 2026년 1분기 실적 발표도 긍정적인 요인으로 작용하고 있습니다.","macrumors.com, apple.com, kalkinemedia.com",유사패턴 혼조,약세,강력한 신제품 출시와 호실적 발표라는 실질적인 호재가 현 기술적 약세를 상쇄하며 단기적으로 긍정적인 반전 가능성을 높일 것으로 예상됩니다.
2026-03-19,GOOGL,GOOGL,▲ 상승,75,AI 투자,실질 호재,"Alphabet은 2025년 4분기 실적이 예상을 상회하고 Google Cloud가 48% 성장했으며, 2026년 AI 투자 확대를 위한 대규모 자본 지출을 계획 중이다. 또한, 3월 11일 Wiz 인수를 완료하고 3월 19일 BigQuery에 Gemini 기반 데이터 준비 기능을 일반 출시하며 AI 및 클라우드 역량을 강화했다.","capital.com, fool.com, seekingalpha.com",유사패턴 혼조,약세,"알파벳의 대규모 AI 투자 계획과 구글 클라우드 성장, 그리고 빅쿼리-제미니 통합과 같은 최근 AI 및 클라우드 역량 강화 뉴스가 단기적으로 강력한 상승 동력으로 작용할 것으로 판단된다."
2026-03-19,삼진제약,000520,━ 관망,65,신약 기술 이전 기대,단순 기대감,"삼진제약은 2026년 시무식에서 신약 R&D 강화 및 포트폴리오 다변화를 핵심 경영 전략으로 제시했으며, 1월 JP모건 헬스케어 컨퍼런스에서 면역질환 신약 SJN314의 임상 진입 및 차세대 ADC 플랫폼 기반 기술이전을 목표로 논의를 진행했다고 밝혔다.","monews.co.kr, pharmnews.com, news1.kr",유사패턴 혼조,약세,"현재 주가가 단기 및 중기 이동평균선을 모두 하회하여 단기적인 약세를 보이며, 신약 기술 이전 관련 뉴스는 단순 기대감에 그쳐 즉각적인 상승 동력으로 작용하기 어렵기 때문에 관망이 적절하다."
2026-03-19,케이뱅크,272210,▲ 상승,88,케이뱅크 상장,실질 호재,케이뱅크는 세 번째 시도 끝에 기업가치와 공모가를 조정하여 지난 3월 5일 코스피 시장에 성공적으로 상장했다.,"chosun.com, youtube.com",유사패턴 혼조,강세,"성공적인 코스피 상장이라는 실질 호재와 현재가, 이동평균선이 정배열을 형성하며 강한 상승 추세를 보이는 차트 분석이 일치하여 단기 상승 가능성이 높습니다."
2026-03-19,리얼티인컴,O,━ 관망,55,뉴스수집실패,단순 기대감,REST 방식 뉴스 수집 실패: 503 Server Error: Service Unavailable for url: https://generativelanguage.googleapis.com/v1beta/models/gemini-2.5-flash:generateContent,출처 없음,유사패턴 혼조,혼조,"현재가는 20일선을 하회하며 단기 약세를 보이지만, 60일선은 상회하고 이평선은 정배열을 유지하여 하방 경직성을 시사하며, 특별한 뉴스 재료나 과거 패턴 근거가 없어 단기 방향성에 대한 판단이 어렵다."
2026-03-19,포스코DX,022100,━ 관망,58,AI Native Company 전환,실질 호재,포스코DX는 '스마트공장·자동화산업전 2026'에 참가하여 AI 및 로봇 기반의 피지컬 AI와 AI 에이전트 개발 등 AX(인공지능 전환) 추진 사례를 공개하며 AI Native Company로의 전환을 가속화하고 있다.,"edaily.co.kr, newstomato.com, poscodx.com",유사패턴 혼조,약세,"현재가는 주요 이평선을 하회하며 역배열을 형성하여 기술적으로는 약세를 보이나, 회사의 AI Native Company 전환 가속화 뉴스는 중장기적 관점에서 긍정적인 실질 호재로 단기적인 방향성 예측이 혼조를 이룬다."
2026-03-19,카카오,035720,━ 관망,60,AI 사업 강화 및 실적 성장,실질 호재,"카카오는 2025년 역대 최대 매출 8조 원과 영업이익 7320억 원을 달성했으며, 2026년 연결 매출액 10% 이상 성장 및 영업이익률 10% 달성을 목표로 AI와 글로벌 사업 확대를 통한 '방향성 있는 성장'을 선언했다.","chosun.com, newsdream.kr, mt.co.kr",유사패턴 혼조,약세,"현재가는 주요 이동평균선을 하회하며 역배열을 형성하여 단기 기술적 약세를 보이지만, AI 및 글로벌 사업 확대를 통한 실적 성장 목표는 긍정적인 요인으로 작용하여 방향성이 혼조세다."
2026-03-20,삼성전자,005930,▲ 상승,78,기술적 강세,단순 기대감,"REST 방식 뉴스 수집 실패: HTTPSConnectionPool(host='generativelanguage.googleapis.com', port=443): Read timed out. (read timeout=30)",출처 없음,유사패턴 혼조,강세,"현재가가 20일선과 60일선을 상회하며 정배열을 유지하는 강한 기술적 흐름이 관찰되나, 뉴스 재료는 단순 기대감에 그치고 유사 패턴 데이터가 없어 상승 폭에 대한 불확실성이 존재한다."
2026-03-20,NVDA,NVDA,▼ 하락,75,뉴스수집실패,단순 기대감,REST 방식 뉴스 수집 실패: 503 Server Error: Service Unavailable for url: https://generativelanguage.googleapis.com/v1beta/models/gemini-2.5-flash:generateContent,출처 없음,유사패턴 혼조,약세,"현재가가 주요 이동평균선을 하회하며 역배열을 보이고 있어 단기 하락 추세가 강하며, 뉴스 및 유사 패턴에서는 명확한 방향성이 부재하다."
2026-03-20,TSLA,TSLA,▼ 하락,80,테슬라 주가 하락,실질 악재,"2026년 3월 20일 테슬라 주가는 기술주 전반의 하락세와 높은 금리, 경쟁 심화 우려로 인해 3.2% 하락하며 주요 지지선 아래로 떨어졌다.","wedbush.com, stockinvest.us, greendrive-accessories.com",유사패턴 혼조,약세,"현재가는 주요 이평선을 하회하며 역배열을 형성하여 약세 흐름이 뚜렷하며, 기술주 전반의 하락세와 경쟁 심화 우려라는 실질 악재 뉴스가 이를 뒷받침한다."
2026-03-20,AAPL,AAPL,━ 관망,60,신제품 출시,실질 호재,"애플은 3월 초 아이폰 17e, M5 칩 기반 맥북 에어 및 맥북 프로, M4 칩 기반 아이패드 에어, 599달러 맥북 네오 등 다수의 신제품을 발표하며 하드웨어 라인업을 대대적으로 강화했다.","macrumors.com, mlq.ai, techradar.com",유사패턴 혼조,약세,"강력한 신제품 출시 호재에도 불구하고, 주가는 단기 이동평균선을 하회하며 역배열을 형성하여 기술적 약세 신호와 상충하므로 관망이 필요합니다."
2026-03-20,GOOGL,GOOGL,━ 관망,60,AI 투자 및 클라우드 성장,실질 호재,"Alphabet은 최근 320억 달러 규모의 Wiz 인수를 완료하고 2026년 1,750억~1,850억 달러 규모의 대규모 AI 투자를 계획하며, Google Cloud의 4분기 48% 매출 성장을 기반으로 AI 역량 강화에 집중하고 있습니다.","capital.com, seekingalpha.com, fool.com",유사패턴 혼조,약세,"현재가는 주요 이동평균선을 하회하며 역배열을 보이는 약세 차트이나, 대규모 AI 투자 계획 및 클라우드 성장이라는 실질적 호재가 충돌하여 단기 방향성 예측이 어렵습니다."
2026-03-20,삼진제약,000520,━ 관망,65,신약 개발 및 기술이전 기대감,단순 기대감,"삼진제약은 2026년 1월 JP모건 헬스케어 컨퍼런스에 참여하여 만성자발성두드러기 신약 후보물질 SJN314 및 차세대 ADC 플랫폼을 선보이며 기술이전을 적극 추진 중이며, 1~2년 내 SJN314 기술이전을 목표로 논의가 진행되고 있다고 밝혔다. 또한, 2026년 경영전략으로 R&D 역량 강화와 기술이전 성과 확보를 제시했으며, 3월 20일에는 2025~2027년 배당성향 20% 이상을 목표로 하는 기업가치제고계획을 공시했다.","docdocdoc.co.kr, news1.kr, mt.co.kr",유사패턴 혼조,약세,"단기적으로 주가가 20일선과 60일선을 하회하며 약세 흐름을 보이나, 정배열 유지와 더불어 기업가치제고계획 발표 및 신약 기술이전 기대감이 혼재되어 방향성 예측에 신중한 접근이 필요합니다."
2026-03-20,케이뱅크,272210,▲ 상승,80,케이뱅크 IPO,실질 호재,"케이뱅크는 3월 5일 코스피 시장에 성공적으로 상장했으며, 공모가 대비 11% 상승으로 첫 거래를 시작하는 등 높은 투자 수요를 확인했다. 다만, 낮은 기관 의무보유 확약 비율과 구주 매출 비중으로 인한 오버행 우려 및 중소기업 대출 확대 전략의 리스크 논의는 상장 초기부터 존재했다.","mk.co.kr, ebc.com, g-enews.com",유사패턴 혼조,강세,케이뱅크는 성공적인 코스피 상장과 높은 투자 수요로 인한 긍정적인 재료를 바탕으로 현재 주가가 주요 이동평균선 위에 위치하며 강력한 상승 추세를 유지하고 있다.
2026-03-20,리얼티인컴,O,▲ 상승,78,배당 증가 및 전략적 파트너십,실질 호재,"리얼티인컴은 2026년 3월 11일 월별 배당금을 주당 0.2705달러로 인상하며 134번째 배당 증가를 발표했고, 3월 20일에는 아폴로와 10억 달러 규모의 미국 소매 부동산 합작 투자를 체결하며 전략적 확장을 알렸다.","realtyincome.com, dividendinvestor.com, prnewswire.com",유사패턴 혼조,약세,"현재 주가가 단기 이평선 아래에 있지만, 배당 증가와 10억 달러 규모의 전략적 파트너십 발표는 강력한 실질 호재로 단기 상승 모멘텀을 제공할 것으로 예상된다."
2026-03-20,포스코DX,022100,▲ 상승,75,AI Native Company 전환,실질 호재,"포스코DX는 '2026 스마트공장·자동화산업전'에 참가하여 AI 에이전트와 피지컬 AI 기술을 선보이며 'AI Native Company'로의 전환을 가속화하고 있음을 밝혔다. 또한, 2026년 포스코그룹의 DX 중심 조직개편에서 그룹 내 DX 인프라 구축 지원 및 AI로봇융합연구소장 임명 등 핵심적인 역할을 맡았다.","poscodx.com, chosun.com, youtube.com",유사패턴 혼조,약세,"강력한 'AI Native Company 전환' 전략 및 그룹 내 핵심 DX 역할 부여 소식이 단기적인 기술적 약세를 상쇄하며 매수 심리를 자극할 가능성이 있으며, 당일 주가 상승률도 이를 지지한다."
2026-03-20,카카오,035720,━ 관망,65,2025년 실적 및 AI 사업 전략,실질 호재,"카카오는 2025년 연간 연결 매출과 영업이익 모두 창사 이래 최대 실적을 기록하며 수익성을 개선했으며, 2026년을 AI와 글로벌 사업 중심의 '방향성 있는 성장' 원년으로 선언하며 카카오톡 기반 AI 에이전트 생태계 구축에 속도를 낼 계획입니다.","dealbada.com, chosun.com, newsdream.kr",유사패턴 혼조,약세,"현재가는 이동평균선을 하회하며 역배열을 형성하여 기술적으로는 약세 신호이나, 2025년 창사 이래 최대 실적 달성 및 AI 중심의 성장 전략 발표는 강한 호재로 작용하여 상충하는 신호가 공존합니다."
2026-03-23,삼성전자,005930,━ 관망,65,AI 반도체,실질 호재,"삼성전자는 2026년 AI 반도체 시대 주도권 확보를 위해 총 110조원 이상의 시설 및 R&D 투자를 계획하고 있으며, HBM4의 세계 최초 양산 출하와 엔비디아 공급망 합류를 통해 고대역폭 메모리 시장에서 확고한 위상을 다지고 있다.","yna.co.kr, daum.net, theguru.co.kr",유사패턴 혼조,혼조,"AI 반도체 관련 대규모 투자와 시장 주도권 확보라는 강력한 호재가 존재하지만, 주가가 20일선을 하회하며 전일 대비 큰 폭으로 하락한 점은 단기적인 불확실성을 높여 관망이 필요한 시점이다."
2026-03-23,NVDA,NVDA,━ 관망,65,AI 반도체,실질 호재,"NVIDIA는 2026년 2월 기록적인 4분기 실적과 강력한 1분기 가이던스를 발표하며 시장 기대를 상회했다. 또한, 3월 GTC 2026에서 차세대 AI 칩인 Blackwell 및 Vera Rubin 플랫폼에 대한 2027년까지 1조 달러 규모의 수요를 예측하며 AI 리더십을 더욱 강화했다.","capital.com, nvidia.com, youtube.com",유사패턴 혼조,약세,"강력한 AI 반도체 수요 예측 및 호실적 뉴스가 긍정적이나, 현재 주가가 주요 이동평균선 아래에 역배열로 위치하여 단기적인 방향성에 대한 확신이 부족하다."
2026-03-23,TSLA,TSLA,▼ 하락,80,FSD 규제,실질 악재,"2026년 3월 23일 기준, 테슬라(TSLA)는 NHTSA의 FSD(Full Self-Driving) 시스템 조사 마감일이 지남에 따라 규제 리스크에 직면했다. 또한, 1분기 인도량 하향 조정 및 경쟁 심화 등의 요인으로 인해 3월 20일 주가가 다중 월 최저치를 기록하며 약세를 보였다.","investing.com, capitalstreetfx.com",유사패턴 혼조,약세,"현재 주가는 주요 이동평균선 아래 역배열 상태로 하락 추세를 보이며, FSD 규제 리스크와 1분기 인도량 하향 조정 등 실질 악재가 겹쳐 단기 하방 압력이 강하다."
2026-03-23,AAPL,AAPL,▼ 하락,75,WWDC AI,단순 기대감,"애플은 3월 23일 WWDC 2026(6월 8일-12일) 일정을 확정하며, 구글의 Gemini AI를 활용한 전면 재설계된 Siri 및 온디바이스 Apple Intelligence 기능이 주요 발표될 것으로 예상되어 AI 혁신에 대한 기대감을 높였다.","techi.com, macrumors.com",유사패턴 혼조,약세,"현재 주가가 20일선과 60일선을 모두 하회하며 이평선 역배열을 형성, 기술적 약세가 뚜렷하며, WWDC AI 기대감은 단기 하락 압력을 상쇄하기에는 단순 기대감에 불과하다."
2026-03-23,GOOGL,GOOGL,━ 관망,60,AI,실질 호재,"Alphabet (GOOGL)은 2025년 4분기 견조한 실적을 발표하며 연간 매출 4천억 달러를 돌파했고, 제미나이 AI 앱 사용자 7억 5천만 명 돌파 및 클라우드 부문의 높은 성장을 기록했다. 또한, 2026년 AI 인프라에 대규모 투자를 계획하며 AI Studio 유료 요금제를 출시했고, 검색 품질 향상 업데이트 및 제미나이 챗봇 광고 도입 계획을 추진 중이다.","phemex.com, reddit.com, investing.com",유사패턴 혼조,약세,"현재가는 이동평균선을 하회하며 역배열 상태로 약세 흐름을 보이지만, AI 부문의 견조한 실적과 대규모 투자 계획 등 실질적 호재성 뉴스가 상충하여 단기 방향성 예측에 확신이 부족합니다."
2026-03-23,삼진제약,000520,━ 관망,65,신약 개발,실질 호재,"삼진제약은 2026년 JP모건 헬스케어 컨퍼런스에 공식 초청받아 면역·염증 신약 후보물질 SJN314 및 차세대 ADC 플랫폼을 선보였으며, 1~2년 내 기술이전을 목표로 SJN314의 국내 임상시험 진입을 2026년 3~4월로 예정하는 등 신약 개발과 글로벌 파트너십 강화를 추진하고 있다.","docdocdoc.co.kr, news1.kr, hankyung.com",유사패턴 혼조,약세,"현재 주가가 20일선과 60일선 모두 하회하며 당일 5% 이상 하락하는 등 단기 약세 신호가 강하지만, 3~4월 임상시험 진입 예정인 신약 개발 관련 실질 호재가 임박하여 단기 방향성에 대한 확신이 부족하다."
2026-03-23,케이뱅크,272210,▼ 하락,63,뉴스수집실패,단순 기대감,"REST 방식 뉴스 수집 실패: HTTPSConnectionPool(host='generativelanguage.googleapis.com', port=443): Read timed out. (read timeout=30)",출처 없음,유사패턴 혼조,약세,"현재가가 20일 이동평균선을 하회하며 전일대비 8.82% 크게 하락하는 등 단기적으로 강한 하락 압력이 포착되나, 뉴스 재료는 부재하며 과거 유사 패턴 분석은 어렵다."
2026-03-23,리얼티인컴,O,▲ 상승,75,사업 확장 및 배당 인상,실질 호재,"리얼티인컴은 3월 11일 월 배당금을 주당 0.2705달러로 인상하며 134번째 배당 증액을 발표했으며, 3월 중순에는 아폴로와 10억 달러 규모의 소매 자산 합작 투자를 체결하는 등 사업 확장 소식을 알렸다.","prnewswire.com, realtyincome.com, zacks.com",유사패턴 혼조,혼조,"견조한 사업 확장 소식과 꾸준한 배당 인상은 긍정적인 기초 체력을 보여주며, 현재 주가가 이동평균선 아래에 있지만 이평선이 정배열을 유지하는 가운데 단기 반등을 기대할 수 있다."
2026-03-23,포스코DX,022100,▼ 하락,75,AI Native Company,실질 호재,"포스코DX는 3월 초 열린 '스마트공장·자동화산업전 2026'에 참가하여 AI 네이티브 기업으로의 전환 가속화를 발표하고, AI 에이전트 및 로봇 기반 피지컬 AI 등 산업 현장에 특화된 AX/DX 기술 역량을 선보였다.","poscodx.com, chosun.com, edaily.co.kr",유사패턴 혼조,약세,"현재가는 주요 이동평균선을 모두 하회하며 역배열을 형성했고, 전일 대비 큰 폭의 하락을 기록하여 단기적인 약세 추세가 강하게 나타나는 반면, 실질 호재 뉴스는 단기적인 하락세를 즉각적으로 상쇄하기 어려워 보인다."
2026-03-23,카카오,035720,▼ 하락,80,AI 성장 전략,단순 기대감,카카오는 2025년 역대 최대 실적을 달성한 후 2026년을 AI 수익화 원년으로 삼아 사람 중심의 AI와 글로벌 팬덤 OS를 두 축으로 한 성장 전략을 발표하며 미래에 대한 기대감을 높였다.,"byline.network, kakaocorp.com, newsdream.kr",유사패턴 혼조,약세,"현재가가 주요 이동평균선을 모두 하회하고 이평선이 역배열을 형성하며 강한 하락 추세를 보이는 가운데, AI 성장 전략에 대한 뉴스는 단기적인 '단순 기대감'에 머물러 하락 압력을 상쇄하기 어렵습니다."
2026-03-24,삼성전자,005930,▲ 상승,82,반도체,실질 호재,"2026년 3월 24일 기준, 삼성전자는 반도체 업황 호조와 D램 및 낸드 가격 급등에 힘입어 1분기 실적 개선 및 연간 영업이익 상향 전망이 우세했으며, 주주총회에서 2026년을 'AI 혁신의 원년'으로 선포하며 AI 기반 사업 강화 의지를 밝혔다.","chosun.com, mk.co.kr, g-enews.com",유사패턴 혼조,강세,반도체 업황 호조와 AI 사업 강화라는 실질 호재가 견고한 상승 추세 속 단기 조정 흐름을 이겨내고 주가 상승을 견인할 것으로 예상된다.
2026-03-24,NVDA,NVDA,▲ 상승,75,AI,실질 호재,"엔비디아는 GTC 2026에서 차세대 GPU 아키텍처 '베라 루빈'을 포함한 주요 AI 기술과 AWS 및 마이크로소프트와의 확장된 파트너십을 발표하며 AI 인프라 혁신을 주도했다. 또한, 블랙웰 및 베라 루빈 제품군에 대한 1조 달러 규모의 주문 전망을 제시하고 회계연도 4분기 사상 최대 매출 및 예상을 뛰어넘는 다음 분기 가이던스를 발표하며 강력한 실적과 수요를 확인시켰다.","mindstudio.ai, nvidia.com, capital.com",유사패턴 혼조,약세,"현재가는 20일선과 60일선을 모두 하회하며 이평선 역배열로 단기 기술적 약세를 보이지만, GTC 2026에서 발표된 차세대 GPU 아키텍처, 1조 달러 규모의 주문 전망, 그리고 강력한 실적 가이던스 등 실질적인 호재가 단기 상승 동력으로 작용할 가능성이 높다."
2026-03-24,TSLA,TSLA,━ 관망,60,기술적 역배열,단순 기대감,REST 방식 뉴스 수집 실패: 503 Server Error: Service Unavailable for url: https://generativelanguage.googleapis.com/v1beta/models/gemini-2.5-flash:generateContent,출처 없음,유사패턴 혼조,약세,현재가가 20일선과 60일선을 모두 하회하고 이평선이 역배열을 형성하며 단기 하방 압력이 강하게 나타납니다.
2026-03-24,AAPL,AAPL,━ 관망,65,신제품 출시,실질 호재,"애플은 3월 초 M5 칩 기반 맥북 에어, 아이폰 17e 등 여러 신제품을 출시하며 제품군을 강화했으며, 2026년 1분기에 기록적인 매출 1,438억 달러를 달성했다. 또한, 기준 날짜인 3월 24일에는 기업용 올인원 플랫폼인 'Apple Business'를 발표했다.","macrumors.com, apple.com, fool.com",유사패턴 혼조,약세,"현재가는 20일선과 60일선을 하회하며 이평선 역배열로 단기 하락 추세가 강하지만, M5 칩 맥북 에어, 아이폰 17e 등 신제품 출시 및 기록적인 1분기 매출 달성, 그리고 기업용 플랫폼 'Apple Business' 발표라는 강력한 실질 호재가 충돌하여 단기 방향성은 혼조세가 예상된다."
2026-03-24,GOOGL,GOOGL,▼ 하락,80,AI 투자 비용,실질 악재,"Google은 2026년 AI 인프라에 대한 막대한 투자 계획으로 단기 수익성 압박 및 현금 흐름에 대한 우려가 커지고 있으며, 3월 24일 시작된 검색 스팸 업데이트와 지속적인 규제 압력도 사업 불확실성을 가중시키고 있다.","tradingkey.com, fool.com, capital.com",유사패턴 혼조,약세,"현재가가 주요 이동평균선을 하회하고 이평선이 역배열을 보이는 강력한 약세 차트와 AI 투자 비용 증가, 현금 흐름 우려, 규제 압력 등 실질 악재가 겹쳐 단기 하락 압력이 클 것으로 예상된다."
2026-03-24,삼진제약,000520,▲ 상승,75,현금배당,실질 호재,삼진제약은 3월 24일 개최된 제58기 정기 주주총회에서 지난해 경영 성과를 공유하고 주당 800원의 현금 배당을 확정했다.,youtube.com,유사패턴 혼조,혼조,"주주총회 현금배당 확정이라는 실질 호재가 당일 5.05% 상승으로 즉각 반영되며 단기 상승 모멘텀이 형성되었으나, 주가가 주요 이평선 아래에 있어 추가 상승 동력 확보가 필요하다."
2026-03-24,케이뱅크,272210,▲ 상승,75,케이뱅크 상장,실질 호재,"케이뱅크는 지난 3월 5일 코스피 시장에 성공적으로 상장했으며, 희망 공모가 하단인 8,300원에 확정된 공모가 대비 상장 첫날 11% 이상 상승하며 긍정적인 시장 반응을 얻었다. 또한, 2026년 3월 기준으로 누적 고객 1500만 명을 돌파하는 등 꾸준한 성장세를 보였다.","ebc.com, mk.co.kr, daum.net",유사패턴 혼조,혼조,"케이뱅크는 최근 성공적으로 상장하며 긍정적인 시장 반응을 얻었고, 꾸준한 고객 성장세를 보이는 실질 호재가 단기적인 차트 혼조세를 상쇄하며 상승 압력을 제공할 것으로 예상된다."
2026-03-24,리얼티인컴,O,▲ 상승,75,배당 인상 및 2026년 실적 가이던스,실질 호재,"리얼티인컴은 2026년 3월 11일 월별 현금 배당금을 주당 0.2705달러로 인상한다고 발표했으며, 2월 24일 발표된 2026년 연간 조정 운용 자금(AFFO) 주당 가이던스 또한 4.38달러에서 4.42달러로 제시하며 견고한 성장 전망을 보였습니다.","prnewswire.com, realtyincome.com",유사패턴 혼조,약세,"현재 주가는 주요 이동평균선 아래에 있으나, 배당금 인상과 상향된 2026년 실적 가이던스라는 강력한 실질 호재가 단기 반등의 동력이 될 수 있습니다."
2026-03-24,포스코DX,022100,▼ 하락,75,AI Native Company,단순 기대감,"포스코DX는 '스마트공장·자동화산업전 2026'에 참가하여 AI 네이티브 컴퍼니로의 전환 전략과 산업 현장 맞춤형 AI 에이전트 및 로봇 기반 피지컬 AI 기술을 선보이며 미래 성장 동력에 대한 기대감을 높였다. 또한, 포스코그룹이 페르소나 AI와 휴머노이드 로봇의 제철소 물류 현장 적용을 위한 MOU를 체결하여 그룹 내 AX 전환을 가속화할 계획을 밝혔다.","chosun.com, edaily.co.kr, poscodx.com",유사패턴 혼조,약세,"현재 주가가 단기 및 중기 이동평균선을 모두 하회하며 역배열을 형성하고 있어 기술적으로 약세 추세가 뚜렷하며, 뉴스는 단순 기대감 수준으로 단기 추세 반전을 이끌기에는 역부족이다."
2026-03-24,카카오,035720,━ 관망,60,AI 전환 및 성장 전략,실질 호재,"카카오는 2026년을 AI 및 글로벌 사업 중심의 성장 원년으로 선언하며, 카카오톡 기반 AI 에이전트 생태계 구축을 통해 2026년 연간 연결 매출 10% 이상 성장과 영업이익률 10% 달성을 목표로 제시했다. 또한, 2025년 역대 최대 매출과 영업이익을 달성하며 톡비즈 등 플랫폼 부문이 성장을 견인했다.","newsdream.kr, kakaocorp.com, mt.co.kr",유사패턴 혼조,약세,"기술적 지표는 현재가가 주요 이동평균선을 하회하며 역배열을 보이는 약세 추세이나, AI 중심의 성장 전략과 2025년 역대 최고 실적 발표는 긍정적인 기대감을 형성하여 단기 방향성 예측에 확신이 부족하다."
2026-03-25,삼성전자,005930,▲ 상승,75,반도체 호황,실질 호재,2026년 삼성전자 반도체 부문은 D램 및 낸드 가격 급등과 HBM4 수요에 힘입어 엔비디아를 제치고 세계 1위 반도체 기업으로 복귀하며 100조 원 이상의 영업이익을 달성할 것이라는 긍정적인 전망이 지배적이다. KB증권은 삼성전자의 피지컬 AI 시장 진입 가시화를 근거로 매수 의견을 제시했다.,"youtube.com, g-enews.com",유사패턴 혼조,혼조,강력한 반도체 호황 전망과 중장기 정배열 추세가 단기 이평선 하회에도 불구하고 상승 가능성을 높인다.
2026-03-25,NVDA,NVDA,━ 관망,65,AI 반도체,실질 호재,"엔비디아는 2026년 4분기 기록적인 실적을 발표하고 다음 분기에도 강력한 매출 가이던스를 제시했으며, GTC 2026에서 차세대 Rubin 아키텍처를 공개하고 2027년까지 1조 달러 규모의 AI 칩 구매 주문을 예상하며 AI 시장의 지속적인 성장을 전망했다.","nvidia.com, youtube.com, fool.com",유사패턴 혼조,약세,"현재가는 주요 이동평균선을 하회하며 역배열을 보이는 단기 약세 흐름이지만, 기록적인 실적 발표와 강력한 미래 성장 가이던스를 포함한 뉴스 재료는 매우 강력한 호재로 작용하여 상충되는 신호가 혼재한다."
2026-03-25,TSLA,TSLA,▲ 상승,65,테슬라 세미 트럭,실질 호재,"2026년 3월부터 네바다 신규 공장에서 테슬라 세미 트럭의 양산이 시작되었으며, 연간 5만 대 생산 목표 달성을 위한 기반을 마련했다.",teslarati.com,유사패턴 혼조,약세,"기술적 지표는 약세 추세를 보이나, 테슬라 세미 트럭의 양산 시작이라는 실질적인 호재가 단기 반등 모멘텀을 제공할 가능성이 높습니다."
2026-03-25,AAPL,AAPL,━ 관망,60,신제품 출시,실질 호재,"Apple은 3월 초 iPhone 17e, MacBook Neo, M5 칩 기반 Mac 및 iPad 모델 등 다양한 신제품을 출시하며 제품 라인업을 강화했으며, 분석가들은 이를 긍정적으로 평가하며 향후 주가 반등을 기대했다.","macdailynews.com, macrumors.com",유사패턴 혼조,약세,"현재 주가는 주요 이동평균선 아래에 위치하며 역배열을 보이는 약세 차트이나, 최근 출시된 신제품이 실질 호재로 평가되며 향후 주가 반등 기대감이 상충하여 단기 방향성 예측에 불확실성이 크다."
2026-03-25,GOOGL,GOOGL,━ 관망,65,AI 투자 및 클라우드 성장,실질 호재,"Alphabet (GOOGL)은 2025년 4분기 견조한 실적을 발표했으며, 2026년 대규모 AI 인프라 투자를 통해 구글 클라우드 및 제미니 AI 모델의 강력한 성장을 이어갈 것으로 기대된다. 이러한 AI 중심 전략은 규제 리스크와 단기적인 수익성 압박에도 불구하고 장기적인 성장 동력으로 평가받고 있다.","capital.com, seekingalpha.com, barchart.com",유사패턴 혼조,약세,"현재가는 주요 이동평균선 아래에서 역배열을 형성하며 약세 흐름을 보이나, AI 및 클라우드 사업 성장을 위한 대규모 투자는 장기적 호재이나 단기 수익성 압박 가능성도 있어 관망이 필요합니다."
2026-03-25,삼진제약,000520,▲ 상승,80,"실적, 배당, 신제품 허가",실질 호재,"삼진제약은 2025년 견조한 매출과 영업이익을 기록하며 주당 800원의 현금 배당을 확정했으며, 저용량 도네페질 3mg 허가를 받아 치매 치료제 시장 경쟁력을 강화했다.","youtube.com, dailypharm.com",유사패턴 혼조,강세,"정배열 차트와 이평선 상회 흐름이 긍정적인 뉴스 재료(견조한 실적, 배당, 신제품 허가)와 결합되어 단기 상승 가능성이 높다."
2026-03-25,케이뱅크,272210,▲ 상승,88,케이뱅크 IPO,실질 호재,"케이뱅크는 3월 5일 코스피 상장에 성공하며 약 4,980억 원의 공모 자금을 확보했고, 이를 통해 중소법인(SME) 시장 진출 및 디지털 금융 사업 확대를 추진할 계획이다.","youtube.com, ebc.com, hankyung.com",유사패턴 혼조,강세,"케이뱅크의 성공적인 코스피 상장과 확보된 공모 자금을 통한 사업 확장 계획은 강력한 실질 호재이며, 현재 차트 또한 정배열을 유지하고 전일 대비 큰 폭의 상승을 보여 전반적인 상승 추세에 대한 기대를 높인다."
2026-03-25,리얼티인컴,O,▲ 상승,75,전략적 파트너십,실질 호재,"리얼티인컴은 3월 중 아폴로와 10억 달러 규모의 미국 소매 부동산 합작 투자를 발표했으며, 134번째 월별 배당금 인상을 통해 주당 배당금을 0.2705달러로 상향 조정했다.","realtyincome.com, investing.com, prnewswire.com",유사패턴 혼조,혼조,"최근 발표된 10억 달러 규모의 전략적 파트너십과 배당금 인상은 강력한 실질 호재로, 단기적으로 약세를 보이는 차트 흐름에도 불구하고 주가 반등을 견인할 가능성이 높습니다."
2026-03-25,포스코DX,022100,━ 관망,60,핵심키워드,단순 기대감,REST 방식 뉴스 수집 실패: 503 Server Error: Service Unavailable for url: https://generativelanguage.googleapis.com/v1beta/models/gemini-2.5-flash:generateContent,출처 없음,유사패턴 혼조,약세,"현재가가 20일선과 60일선을 모두 하회하며 역배열을 형성하여 하락 추세가 강하게 나타나고 있으며, 뉴스 재료는 부재하여 시장의 약한 기대감만 존재한다."
2026-03-25,카카오,035720,▼ 하락,82,카카오게임즈 매각,실질 악재,"카카오게임즈가 2025년 대규모 순손실을 기록하며 2026년 3월 25일 일본 라인야후 투자 사모펀드에 경영권 매각을 발표했으며, 이에 카카오 주가는 기준 날짜 직전 5.80% 급락하는 등 투자 심리가 위축되었다.","youtube.com, hosu-news.com",유사패턴 혼조,약세,"현재가는 주요 이동평균선을 하회하며 역배열을 형성하여 하락 추세가 뚜렷하고, 카카오게임즈 매각이라는 실질 악재가 투자 심리를 위축시키며 추가 하락 가능성이 높다."
2026-03-26,삼성전자,005930,▲ 상승,75,HBM 및 실적 기대,실질 호재,"삼성전자는 3월 GTC 2026에서 차세대 HBM4E를 공개하고 HBM4 양산 출하 성공을 발표하며 HBM 시장 경쟁력 강화를 위한 움직임을 보였다. 또한, 2026년 HBM 생산량 50% 증설 계획과 함께 1분기 실적에 대한 높은 기대감이 형성되었다.","businesspost.co.kr, bien.ltd, chosun.com",유사패턴 혼조,혼조,"차세대 HBM 기술력 강화와 생산량 증대, 높은 1분기 실적 기대감 등 실질 호재가 단기적인 차트 조정 압력을 상쇄하며 상승 모멘텀을 형성할 것으로 예상된다."
2026-03-26,NVDA,NVDA,▼ 하락,75,GTC 2026,실질 호재,"엔비디아는 GTC 2026에서 2027년까지 최소 1조 달러 규모의 구매 주문을 예상한다고 밝혔으며, 이는 회사의 장기적인 매출 잠재력이 시장 예상을 뛰어넘을 수 있음을 시사한다. 또한 차세대 AI GPU 베라 루빈 플랫폼 등 혁신적인 신기술을 공개하며 인공지능 기술 리더십을 강화했다.","youtube.com, investing.com, naver.com",유사패턴 혼조,약세,"현재 기술적 지표가 강한 하락 추세를 명확히 나타내며, 실질적 호재에도 불구하고 당일 주가가 큰 폭으로 하락한 것은 단기적으로 매도 압력이 우세함을 시사한다."
2026-03-26,TSLA,TSLA,▼ 하락,85,FSD 규제,실질 악재,"2026년 3월 26일, 테슬라 주가는 미국 도로교통안전국(NHTSA)의 FSD 기술 조사 강화와 캘리포니아 규제 당국의 로보택시 서비스에 대한 완전 자율성 부정적 해석 발표로 인해 하락했다. 이는 FSD 기술의 규제 불확실성을 증폭시키며 애널리스트들의 차량 인도 전망 하향 조정에도 영향을 미쳤다.",tradingkey.com,유사패턴 혼조,약세,FSD 규제 강화에 따른 실질 악재와 이평선 역배열 및 현재가 하회하는 차트가 단기 하락 압력을 높이고 있다.
2026-03-26,AAPL,AAPL,━ 관망,65,신제품 출시 및 실적,실질 호재,"2026년 3월 중순까지 Apple은 iPhone 17e, M5 칩 탑재 MacBook Air/Pro, M4 칩 탑재 iPad Air, 새로운 Studio Display 및 AirPods Max 2를 포함한 다수의 신제품을 발표했다. 이와 함께 Apple은 기록적인 1분기 실적과 긍정적인 3월 분기 가이던스를 보고하며 서비스 매출의 지속적인 성장을 전망했다.","apple.com, macrumors.com, fool.com",유사패턴 혼조,약세,"기술적 지표는 단기 하락 추세를 보이나, 신제품 출시와 기록적인 실적 발표는 강력한 긍정적 재료로 작용하여 단기적인 방향성에 대한 혼조세가 예상된다."
2026-03-26,GOOGL,GOOGL,▼ 하락,85,규제 및 AI 투자 비용,실질 악재,"구글 주가는 거시경제적 요인, 규제 압력, 그리고 막대한 AI 인프라 투자 비용에 대한 우려로 3월 26일 3% 하락했다. 이는 캘리포니아 배심원단의 600만 달러 배상금 평결과 유럽의 디지털 시장법 위반 가능성에 대한 규제 압박이 더해진 결과이다.",tradingkey.com,유사패턴 혼조,약세,"현재가가 20일선과 60일선 모두 하회하고 이평선이 역배열을 형성하며 강력한 약세 신호를 보이는 가운데, 규제 압력과 막대한 AI 투자 비용 우려라는 실질 악재가 주가 하락을 심화시키고 있어 단기 하락 방향이 유력하다."
2026-03-26,삼진제약,000520,▲ 상승,75,신약 개발,단순 기대감,삼진제약은 2026년 JP모건 헬스케어 컨퍼런스에서 면역·염증 신약 'SJN314'와 ADC 플랫폼 기술을 소개하며 1~2년 내 기술 이전을 목표로 글로벌 파트너링을 추진 중임을 밝혔다.,"daum.net, hankyung.com",유사패턴 혼조,강세,현재가가 20일선과 60일선을 모두 상회하고 정배열을 유지하는 강세 차트 흐름에 신약 개발에 대한 단순 기대감이 더해져 단기 상승 방향성에 무게가 실립니다.
2026-03-26,케이뱅크,272210,▲ 상승,78,케이뱅크 IPO,실질 호재,"케이뱅크는 지난 3월 5일 유가증권시장에 성공적으로 상장하며 세 번째 IPO 도전을 마무리했고, 기준일인 3월 26일에는 사업자 고객을 위한 거래처 정보조회 서비스를 출시하며 사업 확장을 본격화했다.","hankyung.com, mk.co.kr, chosun.com",유사패턴 혼조,혼조,성공적인 IPO와 신규 서비스 출시라는 강력한 호재가 단기 조정을 상쇄하고 중장기 상승 추세 속 단기 반등을 이끌 가능성이 높다.
2026-03-26,리얼티인컴,O,▲ 상승,75,아폴로 합작 투자,실질 호재,"리얼티인컴은 2026년 3월 20일 아폴로와 10억 달러 규모의 소매 부동산 합작 투자를 발표하며 약 500개의 미국 소매 부동산을 인수할 예정으로, 이는 회사의 포트폴리오 확장과 성장 전략을 강화할 것으로 기대된다.",investing.com,유사패턴 혼조,약세,아폴로와의 10억 달러 규모 합작 투자는 실질적인 포트폴리오 확장 및 성장 동력으로 작용하며 단기적인 기술적 약세를 극복할 가능성이 높다.
2026-03-26,포스코DX,022100,━ 관망,60,AI 네이티브 컴퍼니 전환,실질 호재,"포스코DX는 '스마트공장·자동화산업전 2026'에 참가하여 AI 에이전트 개발 및 피지컬 AI 확산을 통한 'AI 네이티브 컴퍼니' 전환 전략을 공개하며, 실제 업무 효율화 사례와 그룹의 지능형 팩토리 구현 계획을 선보였다.","chosun.com, edaily.co.kr, poscodx.com",유사패턴 혼조,약세,"현재가는 20일선과 60일선을 모두 하회하고 이평선이 역배열을 형성하여 기술적 약세가 뚜렷하나, 'AI 네이티브 컴퍼니' 전환이라는 실질 호재 뉴스가 단기 방향성에 대한 혼조세를 유발한다."
2026-03-26,카카오,035720,▲ 상승,75,AI 중심 성장,실질 호재,"정신아 카카오 대표는 연임이 확정된 2026년 3월 26일, 2026년 연간 연결 매출 10% 이상 성장 및 영업이익률 10% 달성을 목표로 제시하며 AI 중심 사업 재편을 가속화하고 주주가치 제고를 위해 매 반기 1억원 규모의 자사주를 매입하겠다고 밝혔다.","yonhapnewstv.co.kr, kakaocorp.com, mt.co.kr",유사패턴 혼조,약세,새로운 대표의 AI 중심 성장 전략 발표와 구체적인 주주가치 제고 방안(자사주 매입)은 약세인 현재 차트 흐름에도 불구하고 단기적으로 긍정적인 투자 심리 개선을 이끌 것으로 예상된다.
2026-03-27,삼성전자,005930,▲ 상승,78,HBM,실질 호재,"삼성전자는 업계 최초 HBM4를 양산 출하하고 AMD의 HBM4 우선 공급업체로 선정되는 등 고대역폭메모리 경쟁력을 강화하고 있다. 또한, 범용 메모리 가격 급등과 1~2주 수준의 낮은 재고로 1분기 실적 개선에 대한 기대감이 높았다.",yna.co.kr,유사패턴 혼조,혼조,강력한 HBM 경쟁력 강화 및 범용 메모리 업황 개선 기대감이 단기 기술적 조정에도 불구하고 상승 모멘텀을 제공할 것으로 예상된다.
2026-03-27,NVDA,NVDA,━ 관망,65,GTC 2026,실질 호재,"엔비디아는 GTC 2026 컨퍼런스에서 차세대 AI 칩인 Vera Rubin 플랫폼과 Groq 3 LPU를 발표하고, 2027년까지 Blackwell 및 Rubin 아키텍처에서 1조 달러 규모의 구매 주문을 예상하는 등 강력한 미래 성장 동력을 제시했다. 또한, 2026 회계연도 4분기 사상 최대 실적을 기록하며 견조한 성장세를 이어갔다.","tomsguide.com, nvidia.com, youtube.com",유사패턴 혼조,약세,"현재가는 이동평균선을 하회하고 역배열을 형성하여 기술적 약세이나, GTC 2026의 차세대 칩 발표와 사상 최대 실적 등 강력한 호재성 뉴스가 상충하여 단기 방향성 예측이 혼조세를 보인다."
2026-03-27,TSLA,TSLA,▼ 하락,75,차량 인도량,실질 악재,"2026년 1분기 테슬라의 차량 인도량 컨센서스는 전분기 대비 감소가 예상되며, 핵심 자동차 사업 부문의 의미 있는 성장 회복에 대한 우려가 제기되었다.",electrek.co,유사패턴 혼조,약세,"현재 주가가 주요 이동평균선 아래 역배열 상태를 보이며, 1분기 차량 인도량 감소 우려가 실질 악재로 작용하여 단기 하락 압력이 강할 것으로 예상된다."
2026-03-27,AAPL,AAPL,━ 관망,65,신제품 출시 및 AI 전략,실질 호재,"Apple은 3월에 저가형 MacBook Neo, iPhone 17e 등 다수의 신제품을 출시했으며, Google Gemini와의 협력을 통한 Siri AI 기능 강화 및 4억 달러 규모의 미국 제조업 프로그램 확장을 발표하며 긍정적인 사업 모멘텀을 보였습니다. 또한, Q1 2026의 강력한 실적과 March 분기 실적에 대한 긍정적인 애널리스트 전망이 이어졌습니다.","macrumors.com, bingx.com, apple.com",유사패턴 혼조,약세,"현재 차트는 단기 약세 신호를 보이나, 신제품 출시 및 AI 전략 강화, 강력한 실적 등 실질 호재가 하방을 지지할 가능성이 있어 단기 방향성 예측이 혼조세를 보인다."
2026-03-27,GOOGL,GOOGL,▼ 하락,85,AI 투자 비용 및 수익성 우려,실질 악재,"알파벳은 2025년 4분기 견조한 실적과 AI 분야에서의 지속적인 리더십을 보였으나, 2026년 대규모 인공지능(AI) 투자 계획으로 인한 단기 수익성 압박 우려가 커지며 주가가 하락했다.","ibtimes.com.au, fool.com, youtube.com",유사패턴 혼조,약세,현재가가 주요 이동평균선을 모두 하회하며 역배열을 형성한 약세 차트 흐름과 대규모 AI 투자로 인한 단기 수익성 악화 우려라는 실질 악재가 복합적으로 작용하여 단기 하락 압력이 강하다.
2026-03-27,삼진제약,000520,▼ 하락,80,JP모간 헬스케어 컨퍼런스,단순 기대감,삼진제약은 2026년 1월 JP모간 헬스케어 컨퍼런스에 공식 초청받아 면역·염증 신약 파이프라인 'SJN314' 및 차세대 ADC 플랫폼 등의 기술이전 및 공동개발 논의를 진행할 예정이라고 밝혔다.,hankyung.com,유사패턴 혼조,약세,"현재가가 주요 이동평균선을 모두 하회하며 역배열 추세가 강하고, 과거 JP모간 헬스케어 컨퍼런스 관련 단순 기대감은 단기 상승 동력으로 작용하기 어렵다."
2026-03-27,케이뱅크,272210,━ 관망,65,코스피 상장,실질 호재,"케이뱅크는 지난 3월 5일 코스피 시장에 성공적으로 상장하며 약 4,890억 원의 공모 자금을 확보, 기업 및 디지털 금융 사업 확대를 위한 성장 동력을 마련했다. 상장 첫날 주가는 공모가 근처에서 마감했으나, 세 번째 도전 끝에 상장에 성공하며 재무적 투자자와의 계약 부담을 해소했다.","youtube.com, dailian.co.kr",유사패턴 혼조,약세,"현재 주가가 20일 이동평균선을 하회하며 당일 큰 폭으로 하락하는 기술적 약세 신호가 있지만, 성공적인 코스피 상장과 대규모 자금 확보는 강력한 실질 호재로 작용하여 단기적인 방향성 판단에 혼조세가 예상된다."
2026-03-27,리얼티인컴,O,▲ 상승,75,배당 증가,실질 호재,"리얼티인컴은 2025년 견조한 실적과 2026년 조정 운용 자금(AFFO) 가이던스를 제시한 가운데, 134번째 월 배당금 인상을 발표하며 주주 환원 노력을 지속하고 있음을 보여주었다.","realtyincome.com, prnewswire.com, stocktitan.net",유사패턴 혼조,약세,"현재 주가는 단기 이동평균선 아래에 있으나, 긍정적인 실적 가이던스와 지속적인 배당금 인상 소식은 단기적인 상승 전환을 지지하는 실질적 호재로 작용할 가능성이 높다."
2026-03-27,포스코DX,022100,━ 관망,60,AI Native Company,실질 호재,포스코DX는 2026년 3월 4일부터 6일까지 'AW 2026'에 참가하여 AI 및 로봇 기반의 'AI Native Company' 전환 전략과 함께 AI 에이전트를 활용한 업무 혁신 모델 'AI Workforce' 및 산업현장 자율화를 위한 '인텔리전트 팩토리' 기술 역량을 선보였다.,"newstomato.com, chosun.com, edaily.co.kr",유사패턴 혼조,약세,"현재 주가는 주요 이동평균선을 하회하며 역배열을 형성하여 약세 신호를 보이나, 최근 AI 및 로봇 기반 'AI Native Company' 전환 전략 발표는 긍정적인 요인으로 작용하여 방향성에 대한 관망이 필요하다."
2026-03-27,카카오,035720,▲ 상승,75,사업 재편,실질 호재,"카카오는 2025년 견조한 실적을 달성하고 계열사 축소 등 사업 재편을 성공적으로 추진 중이며, 특히 카카오게임즈 경영권 매각을 통해 사업 효율화를 꾀하고 있다. 또한, 정신아 대표가 연임되며 AI 중심의 성장 전략 가속화와 함께 주주가치 제고를 위한 자사주 매입을 약속했다.","byline.network, tistory.com, kakaocorp.com",유사패턴 혼조,약세,"카카오의 성공적인 사업 재편과 AI 중심 성장 전략, 그리고 주주가치 제고를 위한 자사주 매입 약속이 현재의 기술적 약세에도 불구하고 단기 반등 모멘텀을 제공할 것으로 예상된다."
2026-03-30,삼성전자,005930,━ 관망,45,뉴스수집실패,단순 기대감,"REST 방식 뉴스 수집 실패: HTTPSConnectionPool(host='generativelanguage.googleapis.com', port=443): Read timed out. (read timeout=30)",출처 없음,유사패턴 혼조,혼조,"현재가가 20일선을 하회하며 단기 약세 신호가 있으나, 60일선을 상회하고 이평선이 정배열을 유지하고 있어 중장기 추세는 유효하며 뉴스 및 과거 패턴 신호는 부재하여 관망이 적절하다."
2026-03-30,NVDA,NVDA,▲ 상승,75,AI 반도체,실질 호재,"Nvidia는 GTC 2026에서 차세대 Rubin AI 아키텍처를 공개하고 2027년까지 1조 달러 규모의 주문을 예상하며 강력한 성장 전망을 제시했으며, 최근 4분기 실적 또한 시장 기대치를 상회했습니다.","youtube.com, thestreet.com, nvidia.com",유사패턴 혼조,약세,"차트상 현재가가 이동평균선을 하회하고 역배열을 보이는 약세 신호에도 불구하고, 차세대 AI 아키텍처 공개와 1조 달러 규모의 대규모 미래 주문 기대, 시장 기대치를 상회한 최근 실적 등 강력한 실질 호재가 단기적인 반등 모멘텀을 제공할 것으로 판단된다."
2026-03-30,TSLA,TSLA,▼ 하락,90,Q1 실적 우려,실질 악재,"2026년 3월 30일 기준, 테슬라는 전기차 시장 경쟁 심화와 가격 압박으로 인해 1분기 차량 인도량 전망치가 하향 조정되고 수익성 악화 우려가 제기되면서 주가가 연초 대비 약 20% 하락했다. 한편, 회사는 모델 S와 모델 X 생산을 중단하고 로보택시 및 인공지능 플랫폼으로의 전략적 전환을 가속화하고 있다.","teslaacessories.com, seekingalpha.com, fool.com",유사패턴 혼조,약세,"현재 주가가 20일선과 60일선을 모두 하회하며 역배열을 형성하고 있으며, 1분기 실적 악화 및 경쟁 심화에 대한 뉴스가 단기적인 하방 압력을 강화하고 있다."
2026-03-30,AAPL,AAPL,━ 관망,60,신제품 출시,실질 호재,"애플은 3월 초 M5 칩 기반 맥북 프로 및 에어, M4 아이패드 에어, 보급형 맥북 네오 및 아이폰 17e 등 AI 기능을 강화한 신제품들을 대거 출시하며 하드웨어 라인업을 강화했다. 이 신제품들은 온디바이스 AI 성능, 실용적인 기본 구성, 차세대 연결성 개선에 중점을 두었다.","macworld.com, box.co.uk, myus.com",유사패턴 혼조,약세,현재가가 20일선과 60일선을 모두 하회하며 역배열을 형성하는 약세 차트 흐름과 AI 기능 강화 신제품 출시라는 실질 호재가 상충하여 단기적인 방향성 판단에 불확실성이 높다.
2026-03-30,GOOGL,GOOGL,▼ 하락,80,AI 투자 비용 및 규제 리스크,실질 악재,"Alphabet은 2026년 대규모 AI 인프라 투자로 인한 수익 마진 압박 우려와 더불어, 캘리포니아 법원의 유죄 평결 및 유럽의 규제 압력 등 법적 및 규제 리스크가 기준 날짜인 3월 30일 이전에 알려진 주요 악재로 작용했다.","capital.com, tradingkey.com, fool.com",유사패턴 혼조,약세,"대규모 AI 투자 비용으로 인한 수익성 악화 우려와 규제 리스크가 악재로 작용하며, 주가는 주요 이동평균선 아래에서 역배열을 형성하여 하방 압력이 강합니다."
2026-03-30,삼진제약,000520,▼ 하락,70,신약 개발,단순 기대감,"삼진제약은 2026년 JP모건 헬스케어 콘퍼런스에 참가하여 면역·염증 파이프라인(SJN314)과 차세대 ADC 플랫폼을 중심으로 신약 개발 전략을 소개했으며, 1~3년 내 기술이전 및 공동개발 성과를 목표로 글로벌 파트너십 확대를 논의했다.","news1.kr, docdocdoc.co.kr, hankyung.com",유사패턴 혼조,약세,"현재가가 20일선과 60일선을 하회하고 이동평균선이 역배열을 형성하여 단기 약세 추세가 뚜렷하며, 신약 개발 뉴스는 단순한 기대감 수준으로 단기 하방 압력을 상쇄하기 어렵다."
2026-03-30,케이뱅크,272210,▲ 상승,75,케이뱅크 상장,실질 호재,"케이뱅크는 3월 5일 코스피 시장에 성공적으로 상장하며 약 10조 원 규모의 신규 여신 성장 여력을 확보했으며, 이를 통해 기업 및 디지털 금융 사업을 확대하고 미래 성장 동력 강화에 주력할 계획이다.","youtube.com, mk.co.kr, yna.co.kr",유사패턴 혼조,혼조,"성공적인 상장과 함께 확보된 성장 동력이라는 실질적 호재가 존재하며, 이는 단기적인 주가 조정 가능성에도 불구하고 상승 압력으로 작용할 것으로 판단된다."
2026-03-30,리얼티인컴,O,▲ 상승,78,배당금 인상 및 전략적 파트너십,실질 호재,"리얼티인컴은 3월 11일 134번째 연속 월 배당금 인상(주당 0.2705달러)을 발표하며 주주 환원 노력을 지속했고, 3월 19일에는 아폴로와의 전략적 파트너십을 통해 10억 달러 규모의 소매 자산 합작 투자를 체결하며 성장 동력을 확보했다.","realtyincome.com, prnewswire.com, investing.com",유사패턴 혼조,혼조,"강력한 배당금 인상 및 전략적 파트너십이라는 실질 호재와 긍정적인 이평선 배열이 단기 상승을 지지하며, 현재가 하회는 일시적 조정으로 판단된다."
2026-03-30,포스코DX,022100,▼ 하락,75,AI 전환,단순 기대감,포스코DX는 3월 초 '스마트공장·자동화산업전'에 참가하여 AI 및 로봇 기반의 '피지컬 AI' 등 산업 현장 AX/DX 전환 역량을 선보이며 'AI Native Company'로의 전환을 가속화하겠다고 밝혔다. 이는 2025년 실적 부진과 높은 밸류에이션에 대한 시장의 우려에도 불구하고 미래 성장 동력에 대한 기대감을 형성하고 있다.,"edaily.co.kr, poscodx.com, newstomato.com",유사패턴 혼조,약세,"현재 주가는 20일선과 60일선 모두 하회하며 이평선 역배열을 형성하는 강력한 약세 추세를 보이고 있으며, AI 전환 관련 뉴스는 단순 기대감으로 단기적인 실질 호재로 작용하기 어렵고 2025년 실적 부진과 높은 밸류에이션 우려가 상존한다."
2026-03-30,카카오,035720,▼ 하락,85,카카오톡 개인정보,실질 악재,"카카오는 2026년 2월 4일부터 카카오톡 이용 기록 및 패턴을 AI 서비스 '카나나' 고도화에 활용하는 약관 개정을 시행했으며, 이에 대한 '강제 수집' 논란이 불거져 사용자들의 비판을 받았다.","tistory.com, peoplepowerparty.kr, ytn.co.kr",유사패턴 혼조,약세,"현재가는 주요 이동평균선을 모두 하회하며 역배열 추세를 형성한 가운데, 카카오톡 개인정보 관련 논란이 실질적인 악재로 작용하고 있어 단기 하락 가능성이 높습니다."
2026-03-31,삼성전자,005930,━ 관망,65,AI 반도체 투자,실질 호재,"삼성전자는 AI 선도 기업 도약을 위해 2026년 110조 원 이상의 역대 최대 투자를 발표했으며, 고대역폭메모리(HBM) 경쟁력 강화와 메모리 반도체 가격 상승에 힘입어 1분기 실적 개선에 대한 기대감이 커지고 있습니다.","chosun.com, daum.net, yna.co.kr",유사패턴 혼조,약세,"강력한 AI 반도체 투자 계획 및 1분기 실적 기대감에도 불구하고, 현재 주가가 핵심 이동평균선을 하회하며 당일 크게 하락한 점이 단기 불확실성을 높여 관망이 필요한 시점입니다."
2026-03-31,NVDA,NVDA,▲ 상승,80,AI 기술 혁신,실질 호재,"NVIDIA는 2026년 4분기 기록적인 실적과 긍정적인 1분기 가이던스를 발표했으며, GTC 2026에서 차세대 Vera Rubin AI 플랫폼을 포함한 신기술 및 폭넓은 파트너십을 공개하며 1조 달러 규모의 수주를 전망했다.","capital.com, nvidia.com, youtube.com",유사패턴 혼조,약세,"현재 차트 지표는 단기 하락 추세와 약세를 보이나, 기록적인 실적, 긍정적인 가이던스, 차세대 AI 플랫폼 및 1조 달러 규모의 수주 전망 등 강력한 실질 호재가 단기 상승 모멘텀으로 작용할 것으로 분석된다."
2026-03-31,TSLA,TSLA,━ 관망,60,신규 제품 생산,실질 호재,"테슬라는 3월에 세미트럭의 양산에 돌입했으며, 사이버캡은 2월 첫 생산 후 4월 대량 생산을 목표로 하고 있어 신규 제품군 확대가 가시화되었습니다.","teslarati.com, forbes.com, greendrive-accessories.com",유사패턴 혼조,약세,"현재가는 20일선과 60일선을 모두 하회하고 이평선이 역배열을 형성하여 단기 약세 추세이나, 세미트럭 양산 및 사이버캡 대량 생산 목표 등 신규 제품군 확대가 가시화되는 실질 호재가 하방 경직성을 제공하며 상충되는 흐름을 보입니다."
2026-03-31,AAPL,AAPL,▼ 하락,63,뉴스수집실패,단순 기대감,REST 방식 뉴스 수집 실패: 503 Server Error: Service Unavailable for url: https://generativelanguage.googleapis.com/v1beta/models/gemini-2.5-flash:generateContent,출처 없음,유사패턴 혼조,약세,"현재가가 주요 이평선 아래에 위치하고 이평선이 역배열을 형성하여 하락 추세가 뚜렷하며, 이를 상쇄할 긍정적 뉴스나 과거 패턴은 부재하다."
2026-03-31,GOOGL,GOOGL,━ 관망,65,AI 투자 및 제품 강화,실질 호재,"Google은 2026년 AI 인프라 확장을 위해 1,750억~1,850억 달러 규모의 대규모 자본 지출을 계획하며, 3월 한 달간 Gemini 및 워크스페이스를 포함한 AI 제품 업데이트를 대거 공개하여 미래 성장에 대한 기대감을 높였다.","blog.google, eweek.com, bingx.com",유사패턴 혼조,약세,"현재가는 20일선과 60일선을 모두 하회하며 역배열 상태로 단기 하락 추세를 보이나, 대규모 AI 투자 및 제품 강화 뉴스가 강력한 잠재적 상승 동력으로 작용하여 단기 방향성에 대한 혼조세가 예상됩니다."
2026-03-31,삼진제약,000520,▼ 하락,75,신약 개발,단순 기대감,삼진제약은 2026년 JP모건 헬스케어 콘퍼런스에 참여해 면역질환 신약 후보물질 SJN314의 임상 진입 계획을 밝히고 항암 ADC 플랫폼의 기술 이전을 목표로 하는 등 신약 개발 중심의 사업 구조 전환 의지를 내비쳤다.,"hankyung.com, news1.kr, docdocdoc.co.kr",유사패턴 혼조,약세,"현재가가 주요 이동평균선을 하회하며 역배열을 형성하고 있어 강한 하락 추세를 보이며, 신약 개발 뉴스는 단기적인 '단순 기대감'에 불과하여 현재의 기술적 약세를 상쇄하기에는 역부족으로 판단됩니다."
2026-03-31,케이뱅크,272210,▲ 상승,75,케이뱅크 IPO,실질 호재,"케이뱅크는 세 번째 시도 끝에 2026년 3월 5일 코스피 시장에 성공적으로 상장했으며, 상장 첫날 공모가 대비 11% 이상 상승하는 모습을 보였다.","hankyung.com, mk.co.kr",유사패턴 혼조,혼조,"신규 상장 성공이라는 실질 호재와 이동평균선 정배열 추세는 긍정적이나, 단기 이동평균선 하회는 일시적인 조정 압력을 나타낸다."
2026-03-31,리얼티인컴,O,▼ 하락,80,주가 하락 및 성장 둔화 우려,실질 악재,"리얼티인컴은 금리 불확실성, 인플레이션 및 리츠 섹터 압력으로 인해 한 달간 주가가 9.5% 하락했으며, 31년 연속 배당 성장을 기록했음에도 불구하고 성장 둔화에 대한 우려가 제기되었습니다.","zacks.com, mydailybyte.com",유사패턴 혼조,약세,"현재가가 20일선과 60일선을 모두 하회하며 약세 신호를 보이는 가운데, 금리 불확실성과 리츠 섹터 압력에 따른 성장 둔화 우려라는 실질 악재가 단기적인 하락 압력을 가중시키고 있습니다."
2026-03-31,포스코DX,022100,━ 관망,60,AI 네이티브 컴퍼니 전환,단순 기대감,"포스코DX는 2026년 3월 '스마트공장·자동화산업전'에 참가하여 AI Native Company로의 전환을 선언하고 AI 에이전트 및 로봇 기반 피지컬 AI 기술을 선보이며 산업 현장의 AI/DX 가속화를 추진하고 있다. 또한, 2026년 2월 AI 반도체 스타트업 모빌린트에 투자하는 등 AI 혁신을 위한 구체적인 행보를 보였다.","poscodx.com, asiae.co.kr, edaily.co.kr",유사패턴 혼조,약세,"현재가는 이동평균선을 모두 하회하고 역배열을 형성하며 기술적 약세가 뚜렷하나, AI 사업 전환 및 투자 관련 소식이 단순 기대감으로 단기 방향성에 혼조를 야기한다."
2026-03-31,카카오,035720,━ 관망,60,실적개선 및 AI 전략,실질 호재,"카카오는 사업 구조조정 효과와 톡비즈 매출 성장으로 2026년 1분기 견조한 실적을 기록할 것으로 전망되며, 정신아 대표는 AI 및 글로벌 사업 중심의 성장 전략을 가속화하고 주주가치 제고를 위해 노력하겠다고 밝혔다.","daum.net, youtube.com, yonhapnewstv.co.kr",유사패턴 혼조,약세,"현재가는 단기 및 중기 이동평균선을 하회하며 역배열 상태로 약세 추세이나, 1분기 실적 개선 전망과 AI 및 글로벌 사업 전략 가속화라는 실질 호재가 상충하여 단기 방향성 예측이 어렵습니다."
2026-04-01,삼성전자,005930,▲ 상승,90,AI 반도체,실질 호재,삼성전자는 2026년부터 HBM 생산량을 확대하고 테슬라 AI 칩 생산 계약을 통해 2나노 파운드리 경쟁력을 강화하며 AI 반도체 시장 리더십을 공고히 할 계획이다.,"quasarzone.com, investing.com, heraldk.com",유사패턴 혼조,강세,"현재가가 20일선과 60일선을 모두 상회하며 정배열을 유지하는 강세 차트와 함께, AI 반도체 시장 리더십 강화를 위한 HBM 생산 확대 및 2나노 파운드리 계약 뉴스가 강력한 실질 호재로 작용하여 단기 상승 모멘텀이 강하게 형성되었다."
2026-04-01,NVDA,NVDA,━ 관망,60,AI 인프라,실질 호재,"엔비디아는 GTC 2026에서 차세대 AI 아키텍처에 대한 2027년까지 1조 달러 규모의 누적 주문을 전망하고 AI 팩토리 및 AI 에이전트로 확장되는 풀스택 AI 인프라 전략을 발표했습니다. 또한, 회계연도 2026년 4분기 사상 최대 실적과 함께 2027년 1분기에도 시장 예상치를 뛰어넘는 강력한 매출 가이던스를 제시하며 AI 시장 지배력을 확고히 했습니다.","youtube.com, thestreet.com, simplywall.st",유사패턴 혼조,약세,"엔비디아의 차세대 AI 아키텍처 및 강력한 실적 가이던스라는 실질 호재에도 불구하고, 현재 주가가 주요 이동평균선을 하회하는 역배열 약세 추세를 보여 단기 방향성 판단에 혼조세가 예상된다."
2026-04-01,TSLA,TSLA,━ 관망,60,뉴스수집실패,단순 기대감,REST 방식 뉴스 수집 실패: 503 Server Error: Service Unavailable for url: https://generativelanguage.googleapis.com/v1beta/models/gemini-2.5-flash:generateContent,출처 없음,유사패턴 혼조,약세,"현재 주가는 20일선과 60일선 모두 하회하며 이평선 역배열을 형성하여 강한 하락 추세가 감지되며, 뉴스 재료에서 뚜렷한 상승 동력 부재로 하방 압력이 우세할 것으로 판단됩니다."
2026-04-01,AAPL,AAPL,━ 관망,45,뉴스수집실패,단순 기대감,REST 방식 뉴스 수집 실패: 503 Server Error: Service Unavailable for url: https://generativelanguage.googleapis.com/v1beta/models/gemini-2.5-flash:generateContent,출처 없음,유사패턴 혼조,혼조,"차트는 역배열 상태에서 단기 이평선을 상회하며 혼조세를 보이고, 뉴스 및 과거 패턴은 뚜렷한 방향성 신호를 제공하지 않아 관망이 필요합니다."
2026-04-01,GOOGL,GOOGL,▲ 상승,75,AI 기술 및 투자,실질 호재,"구글은 2026년 3월 제미나이, 픽셀폰, 지도 등 주요 제품에 AI 기능을 대폭 강화했으며, AI 인프라 확대를 위한 대규모 자본 지출을 계획하며 AI 경쟁력 강화에 집중하고 있다.","reddit.com, blog.google, forbes.com",유사패턴 혼조,약세,강한 AI 투자 및 제품 강화 소식이 단기적으로 매수세를 유입하며 기존의 약세 차트 흐름을 상쇄하고 반등을 시도할 가능성이 높다.
2026-04-01,삼진제약,000520,▲ 상승,75,신약 개발,단순 기대감,"삼진제약은 2026년 JP모건 헬스케어 컨퍼런스에서 면역질환 신약 SJN314와 항암제 ADC 플랫폼의 1~2년 내 기술 이전을 목표로 제시했으며, SJN314는 2026년 3~4월 국내 임상 1상 진입을 목표로 개발을 추진하며 신약 개발 중심의 체질 개선에 대한 기대감을 높였다.","hankyung.com, news1.kr, docdocdoc.co.kr",유사패턴 혼조,강세,강력한 단기 상승 흐름을 보이는 차트와 신약 개발 기대감이 단기 주가 상승 모멘텀으로 작용할 가능성이 크다.
2026-04-01,케이뱅크,272210,▼ 하락,75,순이익 감소,실질 악재,"케이뱅크는 지난 3월 코스피에 성공적으로 상장했으나, 2025년 순이익이 가상자산 예치금 이자 비용 증가로 전년 대비 12.1% 감소한 것으로 발표되어 업비트 의존도에 대한 우려가 커지고 있다.","youtube.com, yna.co.kr",유사패턴 혼조,혼조,"케이뱅크의 2025년 순이익 감소와 업비트 의존도 우려라는 실질 악재가 단기 주가에 부정적인 영향을 미칠 것으로 보이며, 차트상 20일선 저항을 넘어서지 못하고 있다."
2026-04-01,리얼티인컴,O,▲ 상승,75,전략적 파트너십,실질 호재,"리얼티인컴은 3월에 134번째 월별 배당금 인상을 발표했으며, 아폴로와 10억 달러 규모의 미국 소매 부동산 합작 투자를 위한 전략적 파트너십을 체결하여 성장 동력을 확보했습니다.","realtyincome.com, zacks.com, mydailybyte.com",유사패턴 혼조,약세,강력한 월배당 인상과 아폴로와의 전략적 파트너십이 단기적인 기술적 약세를 상회하는 실질적인 성장 동력과 긍정적인 투자 심리를 제공할 것으로 예상됩니다.
2026-04-01,포스코DX,022100,▼ 하락,75,실적 감소,실질 악재,"포스코DX는 2026년 1월 28일 발표된 2025년 연간 실적에서 연결기준 영업이익이 전년 대비 44.5% 감소했으며, 매출액과 당기순이익도 하락하는 등 전방산업 업황 위축의 영향을 받아 부진한 실적을 기록했다.",datatooza.com,유사패턴 혼조,혼조,"최근 발표된 부진한 실적이라는 실질 악재가 강력한 하방 압력으로 작용하며, 이평선 역배열 등 전반적인 기술적 약세 추세와 맞물려 단기 하락 가능성이 높습니다."
2026-04-01,카카오,035720,▲ 상승,75,AI,실질 호재,"카카오는 2025년 역대 최대 실적을 달성했으며, 2026년 1분기에도 견조한 영업이익 성장이 전망되는 가운데 3월 AI 에이전트 서비스 '카나나'를 출시하며 AI 기반의 성장을 본격화하고 있다.","byline.network, einfomax.co.kr, kbthink.com",유사패턴 혼조,약세,역대 최대 실적 달성 및 AI 에이전트 서비스 '카나나' 출시라는 강력한 실질 호재가 기술적 약세 추세에도 불구하고 단기적인 반등 모멘텀을 제공할 가능성이 높다.
2026-04-02,삼성전자,005930,▲ 상승,75,메모리/AI 반도체,실질 호재,"2026년 1분기 삼성전자의 메모리 반도체 사업은 AI 수요 증가로 DRAM 및 NAND 가격이 크게 상승하며 실적 개선 기대감이 높았으며, 회사는 AI 반도체 주도권 확보를 위해 대규모 투자를 계획하고 있었다.","investing.com, g-enews.com, yonhapnewstv.co.kr",유사패턴 혼조,혼조,AI 반도체 수요 증가와 긍정적 1분기 실적 기대라는 실질 호재가 단기적 차트 조정에도 불구하고 중장기 상승 추세 내에서 매수 기회를 제공하며 단기 반등 가능성을 높인다.
2026-04-02,NVDA,NVDA,━ 관망,60,뉴스수집실패,단순 기대감,REST 방식 뉴스 수집 실패: 503 Server Error: Service Unavailable for url: https://generativelanguage.googleapis.com/v1beta/models/gemini-2.5-flash:generateContent,출처 없음,유사패턴 혼조,약세,"현재가가 20일선과 60일선 모두 하회하며 역배열을 형성하여 기술적 약세 신호가 강하며, 뉴스 재료는 특별한 호재나 악재 없이 단순 기대감에 그쳐 하락 추세를 뒤집기 어렵다."
2026-04-02,TSLA,TSLA,━ 관망,60,뉴스수집실패,단순 기대감,REST 방식 뉴스 수집 실패: 503 Server Error: Service Unavailable for url: https://generativelanguage.googleapis.com/v1beta/models/gemini-2.5-flash:generateContent,출처 없음,유사패턴 혼조,약세,"현재 주가가 20일선과 60일선을 모두 하회하고 이동평균선이 역배열을 형성하며 단기 하락 추세가 명확하며, 뉴스 및 과거 패턴은 방향성 결정에 유의미한 영향을 주지 않습니다."
2026-04-02,AAPL,AAPL,━ 관망,45,뉴스수집실패,단순 기대감,REST 방식 뉴스 수집 실패: 503 Server Error: Service Unavailable for url: https://generativelanguage.googleapis.com/v1beta/models/gemini-2.5-flash:generateContent,출처 없음,유사패턴 혼조,혼조,"현재가가 단기 이평선을 상회하나 중기 이평선 하회 및 이평선 역배열로 혼조세를 보이며, 명확한 뉴스 재료나 과거 패턴이 없어 관망이 필요하다."
2026-04-02,GOOGL,GOOGL,━ 관망,65,AI 투자 및 클라우드 성장,실질 호재,"Alphabet은 강력한 2025년 4분기 실적과 함께 2026년 AI 인프라에 대한 대규모 투자 계획을 발표했으며, Google Cloud 매출이 지속적으로 성장하고 Wiz 인수를 완료하며 AI 및 클라우드 부문의 견조한 성장세를 이어가고 있다.","capital.com, abc.xyz, youtube.com",유사패턴 혼조,약세,"기술적 지표는 현재가 이동평균선 하회 및 역배열로 단기 약세를 보이지만, AI 투자 및 클라우드 성장 관련 실질 호재가 하방 압력을 상쇄하며 관망세가 예상된다."
2026-04-02,삼진제약,000520,━ 관망,60,뉴스수집실패,단순 기대감,REST 방식 뉴스 수집 실패: 503 Server Error: Service Unavailable for url: https://generativelanguage.googleapis.com/v1beta/models/gemini-2.5-flash:generateContent,출처 없음,유사패턴 혼조,약세,"현재가가 20일선과 60일선을 모두 하회하고 이평선이 역배열 상태를 보이는 기술적 약세 추세가 뚜렷하며, 이를 상쇄할 만한 뉴스 재료나 과거 패턴 신호는 부재하다."
2026-04-02,케이뱅크,272210,▲ 상승,78,케이뱅크 상장,실질 호재,"케이뱅크는 2026년 1분기 코스피 상장에 성공하며 오랜 IPO 불확실성을 해소했고, 2024년 역대 최대 순이익을 달성하는 등 견조한 실적을 기반으로 최우형 은행장 연임 및 소비자보호위원회 신설을 통해 경영 안정화와 미래 성장 동력 확보를 추진하고 있다.","globalepic.co.kr, dealsite.co.kr, inthenews.co.kr",유사패턴 혼조,혼조,성공적인 IPO와 견조한 실적 달성이라는 강력한 호재가 단기 이평선 하회에도 불구하고 중장기 정배열 추세 내에서 상승 모멘텀을 제공할 것으로 예상된다.
2026-04-02,리얼티인컴,O,━ 관망,60,성장 전략 및 배당,실질 호재,"리얼티인컴은 아폴로와 10억 달러 규모의 소매 자산 합작 투자를 발표하고, 8억 달러 규모의 선순위 채권을 발행하며 성장 전략을 강화했다. 또한, 134번째 월 배당금 인상을 선언하며 주주 환원을 지속했다.","investing.com, realtyincome.com, mtn.co.kr",유사패턴 혼조,약세,"현재가는 20일선과 60일선 모두 하회하며 역배열을 보이는 약세 차트이나, 10억 달러 규모의 소매 자산 합작 투자 및 배당 인상 소식은 실질적인 호재로 작용하여 단기 방향성에 대한 상충된 신호로 인해 관망이 필요합니다."
2026-04-02,포스코DX,022100,━ 관망,60,차트 약세,단순 기대감,REST 방식 뉴스 수집 실패: 503 Server Error: Service Unavailable for url: https://generativelanguage.googleapis.com/v1beta/models/gemini-2.5-flash:generateContent,출처 없음,유사패턴 혼조,약세,"현재가가 20일선과 60일선을 하회하며 이평선이 역배열을 형성하여 단기 하락 추세가 강하게 나타나고 있으며, 특별한 상승 동력이 부재합니다."
2026-04-02,카카오,035720,▼ 하락,60,카카오,실질 호재,"카카오는 2025년 역대 최고 실적을 달성했으며, 2026년에는 연결 매출 10% 이상 성장 및 영업이익률 10% 달성을 목표로 AI와 글로벌 사업에 집중하고 있다. 특히 3월에는 AI 에이전트 서비스 '카나나'를 정식 출시하며 AI 수익화 기반을 구축하고 있다.","chosun.com, inews24.com, mk.co.kr",유사패턴 혼조,약세,"현재 차트가 강한 하락 추세와 당일 큰 폭의 하락을 보여 단기적인 추가 하락 압력이 우세하나, 실질 호재 뉴스는 향후 반등의 잠재력을 가진다."
2026-04-03,삼성전자,005930,▲ 상승,88,반도체 및 실적,실질 호재,"삼성전자는 AI 반도체 사이클에 힘입어 2026년 1분기 역대급 실적(영업이익 50조원 이상)이 전망되며, HBM4 양산과 7세대 HBM 개발 가속화, 그리고 테일러 파운드리 가동 준비 및 2나노 수율 개선으로 비메모리 부문의 흑자 전환 기대감도 높아지고 있다.","youtube.com, chosun.com, businesspost.co.kr",유사패턴 혼조,강세,"AI 반도체 사이클에 힘입은 역대급 실적 전망과 HBM 기술 리더십 강화, 비메모리 부문 흑자 전환 기대감 등 강력한 호재성 뉴스가 단기 주가 상승을 견인할 것으로 예상된다."
2026-04-03,NVDA,NVDA,▲ 상승,75,AI 칩 수요,실질 호재,"엔비디아는 2026회계연도 4분기 사상 최대 실적을 달성했으며, 젠슨 황 CEO는 블랙웰 및 루빈 AI 칩에 대한 수요가 2027년 말까지 1조 달러를 초과할 것으로 예상하여 강력한 미래 성장을 시사했다.","tikr.com, nvidia.com, mexc.com",유사패턴 혼조,약세,엔비디아의 사상 최대 실적 및 1조 달러 AI 칩 수요 전망이라는 강력한 실질 호재는 단기적인 차트 역배열 및 이평선 하회에도 불구하고 주가를 상방으로 견인할 잠재력이 크다.
2026-04-03,TSLA,TSLA,▼ 하락,80,1분기 인도량,실질 악재,"테슬라의 2026년 1분기 차량 인도량이 시장 예상치를 크게 하회하고 생산량 대비 5만 대 이상의 재고가 쌓이며 부정적인 투자 심리가 확산되었으며, 4월 3일 주가는 3.0% 하락 마감했다.","tistory.com, youtube.com, investing.com",유사패턴 혼조,약세,1분기 차량 인도량의 시장 예상치 하회 및 재고 누적으로 인한 실질적 악재와 현재 차트의 역배열 및 주요 이평선 하회는 단기 하락 압력을 가중시킨다.
2026-04-03,AAPL,AAPL,▲ 상승,75,실적 및 신제품,실질 호재,"애플은 기록적인 1분기 실적과 함께 아이폰 및 서비스 부문 성장에 힘입어 2026년 2분기에도 13~16%의 견조한 매출 성장을 예상하며 긍정적인 전망을 제시했다. 또한, M5 기반 맥 신제품과 아이폰 17e, 폴더블 아이폰 등 다양한 신제품 출시 기대감이 형성되고 있다.","seekingalpha.com, roboforex.com, macworld.com",유사패턴 혼조,혼조,"긍정적인 1분기 실적과 견조한 2분기 매출 성장 전망, 그리고 다양한 신제품 출시 기대감이 단기 주가 상승 모멘텀으로 작용할 가능성이 높다."
2026-04-03,GOOGL,GOOGL,▲ 상승,70,AI 기술 및 실적 기대,실질 호재,"구글은 3월 한 달간 제미니(Gemini) AI를 검색, 개인 맞춤형 서비스 등에 확장하고, 4월 3일에는 AI 효율성을 높이는 TurboQuant 알고리즘 연구를 발표하며 AI 기술 리더십을 강화했습니다. 또한, 구글 클라우드와 온라인 광고 사업 호조에 힘입어 1분기 실적에 대한 긍정적인 전망과 애널리스트들의 목표주가 상향이 이어졌습니다.","eweek.com, blog.google, fool.com",유사패턴 혼조,약세,"단기적으로 기술적 약세 신호가 보이나, 강력한 AI 기술 리더십 강화와 긍정적인 1분기 실적 전망 및 애널리스트 목표주가 상향은 강력한 매수 촉매제로 작용할 수 있습니다."
2026-04-03,삼진제약,000520,━ 관망,60,이평선 역배열,단순 기대감,REST 방식 뉴스 수집 실패: 503 Server Error: Service Unavailable for url: https://generativelanguage.googleapis.com/v1beta/models/gemini-2.5-flash:generateContent,출처 없음,유사패턴 혼조,약세,현재가가 주요 이동평균선 아래에 위치하고 이평선이 역배열을 형성하여 단기 하락 추세가 강하게 나타난다.
2026-04-03,케이뱅크,272210,▼ 하락,80,케이뱅크 실적,실질 악재,"케이뱅크는 2025년 순이익이 가상자산 예치금 이자 비용 증가 등으로 전년 대비 12.1% 감소한 1126억 원을 기록했으며, 이는 경쟁 인터넷은행들의 가파른 성장세와 대비되는 부진한 실적이다.","chosun.com, mt.co.kr, news1.kr",유사패턴 혼조,혼조,"경쟁사 대비 부진한 2025년 실적 발표는 실질적인 악재로 작용하며, 비록 금일 강한 상승세를 보였으나 20일선을 하회하는 가격 흐름이 단기 하방 압력을 가중시킬 것으로 예상된다."
2026-04-03,리얼티인컴,O,━ 관망,65,배당확대,실질 호재,"리얼티인컴은 134번째 월 배당금을 인상하여 주당 0.2705달러를 지급할 예정이며, 아폴로와의 10억 달러 규모 소매 자산 합작 투자를 통해 성장 동력을 확보하고 2026년 80억 달러 투자 가이던스를 제시했다.","realtyincome.com, zacks.com, mydailybyte.com",유사패턴 혼조,약세,"현재가는 주요 이동평균선을 하회하며 역배열 상태로 단기 기술적 약세를 보이지만, 배당 확대와 성장 동력 확보 소식은 강력한 실질 호재로 작용하여 단기 방향성에 혼조세가 예상된다."
2026-04-03,포스코DX,022100,▲ 상승,75,AI/DX 역량 강화,실질 호재,"포스코DX는 4월 2일 국내 NPU 개발사 모빌린트에 30억원을 투자하여 제조 AI 혁신을 가속화하고 그룹 인텔리전트 팩토리 지원을 강화한다고 밝혔다. 또한, 3월 스마트공장·자동화산업전에서 AI 에이전트 및 피지컬 AI를 활용한 'AI Native Company' 전환 전략과 AI 에이전트 도입으로 회계 결산 업무 시간을 80% 단축한 사례를 공개하며 AI/DX 기술 역량을 선보였다.","poscodx.com, chosun.com, edaily.co.kr",유사패턴 혼조,약세,"현재 기술적 약세에도 불구하고, 최근 AI/DX 분야의 실질적인 투자와 기술력 강화 뉴스는 단기적인 주가 반등의 강력한 촉매로 작용할 가능성이 높다."
2026-04-03,카카오,035720,▼ 하락,85,AI 수익화 지연,실질 악재,"카카오는 2026년 1분기 톡비즈 사업의 견조한 성장에 힘입어 시장 컨센서스에 부합하는 실적을 기록할 것으로 예상되나, 인공지능(AI) 사업의 수익화 지연 우려로 여러 증권사들이 목표주가를 하향 조정하며 투자 심리에 부정적인 영향을 미치고 있다.","mk.co.kr, daum.net, hellot.net",유사패턴 혼조,약세,"현재 주가는 주요 이동평균선 아래에 역배열로 위치하며 약세 추세를 보이고 있고, AI 수익화 지연 우려에 따른 증권사들의 목표주가 하향 조정 뉴스가 투자 심리에 부정적으로 작용하고 있다."
2026-04-06,삼성전자,005930,▲ 상승,88,실적 및 AI 투자,실질 호재,"삼성전자는 2026년 1분기 잠정 실적이 시장 예상을 뛰어넘는 57.2조원의 영업이익을 기록하며 '어닝 서프라이즈'를 달성했고, AI 반도체 주도권 확보를 위해 2026년 한 해 동안 110조원 이상의 역대 최대 규모 투자를 단행할 계획이다.","naver.com, cosmiannews.com",유사패턴 혼조,강세,강력한 정배열 차트 흐름과 시장 예상을 뛰어넘는 1분기 실적 발표 및 역대급 AI 반도체 투자 계획이 단기 상승 모멘텀을 강화할 것으로 판단된다.
2026-04-06,NVDA,NVDA,▲ 상승,75,AI 플랫폼,실질 호재,"엔비디아는 2026년 4분기 사상 최대 실적을 달성하고 2027년 1분기 강력한 매출 가이던스를 제시했으며, 차세대 AI 플랫폼 '루빈'을 공개하며 장기적인 성장 기회를 강조했다. 다만, 옵션 시장의 헤징 증가와 거시경제적 불확실성으로 인해 시장 전반의 경계심은 유지되었다.","finbold.com, 247wallst.com, public.com",유사패턴 혼조,혼조,"엔비디아의 사상 최대 실적과 강력한 매출 가이던스, 그리고 신규 AI 플랫폼 공개는 강력한 상승 동력이지만, 역배열 차트와 거시경제적 불확실성은 상승폭을 제한할 수 있다."
2026-04-06,TSLA,TSLA,▼ 하락,90,판매량 감소,실질 악재,"테슬라는 2026년 1분기 차량 인도량이 시장 예상치(365,645대)를 하회하는 358,023대를 기록했으며, 생산량(408,386대) 대비 5만 대 이상의 미판매 재고가 발생하며 수요 둔화 우려를 키웠다. JP모건은 수요 및 경쟁 위험을 이유로 테슬라에 대한 '비중 축소' 의견과 목표 주가 145달러를 유지했다.","vestedfinance.com, tesla.com, greendrive-accessories.com",유사패턴 혼조,약세,"현재가가 주요 이동평균선인 20일선과 60일선을 모두 하회하며 역배열을 형성한 차트 약세와 더불어, 시장 예상치를 밑돈 1분기 차량 인도량 및 재고 증가 뉴스는 단기 하락 압력을 매우 높게 만든다."
2026-04-06,AAPL,AAPL,━ 관망,62,신제품 출시 및 AI,단순 기대감,"애플은 폴더블 아이폰을 포함한 다수의 신제품 출시와 M5/M6 칩 기반 Mac 라인업 확대를 앞두고 있으며, 6월 WWDC에서 AI 전략 발표에 대한 기대감이 형성되고 있다.","youtube.com, public.com, investing.com",유사패턴 혼조,혼조,"현재가는 단기 이평선을 상회하나 장기 이평선 아래에서 역배열 추세를 유지하며, 미래 신제품 및 AI 전략에 대한 단순 기대감이 주가를 지지하고 있어 단기 방향성이 불확실하다."
2026-04-06,GOOGL,GOOGL,▲ 상승,75,AI 투자,실질 호재,"알파벳은 2026년 대규모 AI 인프라 투자와 함께 브로드컴 및 Anthropic과의 파트너십을 통해 Google Cloud와 AI 서비스의 강력한 성장을 기대하고 있다. 이러한 투자는 단기적인 마진 압박을 가져올 수 있으나, 장기적인 AI 리더십 강화를 위한 중요한 전략이다.","seekingalpha.com, morningstar.com, youtube.com",유사패턴 혼조,혼조,"대규모 AI 인프라 투자라는 실질 호재가 단기 매수 심리를 자극하며 20일선 상회 흐름을 지지하나, 역배열 추세는 상승폭에 저항으로 작용할 수 있다."
2026-04-06,삼진제약,000520,▼ 하락,78,신약 개발,단순 기대감,"삼진제약은 2026년 경영 전략으로 신약 개발 및 R&D 역량 강화를 제시하며, 면역질환 신약 후보물질 SJN314의 임상 진입과 1~2년 내 기술수출 가능성을 언급하여 향후 성과에 대한 기대감이 형성되고 있다.","monews.co.kr, docdocdoc.co.kr, hankyung.com",유사패턴 혼조,약세,"현재 주가가 주요 이동평균선을 하회하며 역배열을 형성하여 단기 하락 추세가 명확하며, 신약 개발 및 기술수출 기대감은 단기적인 실질 호재로 작용하기에는 시점이 미래에 있다."
2026-04-06,케이뱅크,272210,▼ 하락,80,케이뱅크 실적,실질 악재,"케이뱅크는 2025년 순이익이 전년 대비 12.1% 감소했으며, 이는 가상자산 예치금 이자율 인상으로 인한 이자이익 감소가 주요 원인으로 분석되었습니다. IPO 성공에도 불구하고 업비트 의존도와 오버행 우려가 지속되며 주가 부진에 영향을 미치고 있다는 분석이 제기되었습니다.","yna.co.kr, chosun.com, etoday.co.kr",유사패턴 혼조,약세,"현재가가 20일선을 하회하며 대규모 하락을 보였고, 부진한 실적 및 오버행 우려에 대한 뉴스가 단기 하락 압력을 가중시킬 것으로 판단된다."
2026-04-06,리얼티인컴,O,━ 관망,60,배당금 인상 및 성장 전략,실질 호재,"리얼티인컴은 3월에 월 배당금 인상을 발표하며 134번째 배당 증액을 기록했고, 아폴로와의 전략적 합작 투자 및 채권 발행을 통해 성장 동력을 확보했다.","realtyincome.com, mtn.co.kr, zacks.com",유사패턴 혼조,약세,"현재가는 주요 이동평균선을 하회하며 역배열을 형성하여 약세 흐름을 보이나, 최근 배당금 인상 및 성장 전략 발표는 긍정적인 요인으로 작용하여 방향성에 대한 확신이 부족하다."
2026-04-06,포스코DX,022100,▲ 상승,80,AI 전환,실질 호재,"포스코DX는 2026년 4월 초, 국산 AI 반도체(NPU) 개발사 모빌린트에 투자하고 협력하며 제조 AI 혁신을 가속화하고, 스마트공장·자동화산업전에서 AI 네이티브 컴퍼니 전환 전략과 AI 에이전트 및 로봇 기반 피지컬 AI 기술 확산 계획을 공개했습니다.","alphasquare.co.kr, poscodx.com, newscheck.co.kr",유사패턴 혼조,혼조,"포스코DX의 AI 전환 전략과 AI 반도체 투자 소식이 강력한 실질 호재로 작용하며, 중장기 역배열 속에서도 단기 이평선 돌파를 시도하는 차트 흐름에 긍정적인 영향을 미칠 것으로 예상된다."
2026-04-06,카카오,035720,━ 관망,65,1분기 실적 개선,실질 호재,"카카오는 2026년 1분기 사업 구조조정 효과와 카카오톡 광고 매출 증가에 힘입어 영업이익이 전년 대비 약 70% 급증할 것으로 전망되며, 수익성 개선 흐름이 긍정적으로 평가되고 있다.","mk.co.kr, fntimes.com, daum.net",유사패턴 혼조,약세,"강력한 1분기 실적 개선 전망이라는 긍정적 재료에도 불구하고, 현재 주가는 주요 이동평균선을 하회하며 역배열을 보이는 등 기술적 지표가 약세를 시사하여 단기 방향성 판단이 불확실하다."
2026-04-07,삼성전자,005930,▲ 상승,88,실적,실질 호재,"삼성전자는 2026년 1분기 잠정 실적 발표에서 영업이익 57.2조 원, 매출 133조 원을 기록하며 역대급 어닝 서프라이즈를 달성했다. 이는 인공지능(AI) 반도체 수요 강세에 따른 반도체 슈퍼사이클 도래 기대감을 높이며 실질적인 호재로 작용했다.","tistory.com, ceomagazine.co.kr, youtube.com",유사패턴 혼조,강세,"현재가가 모든 이동평균선을 상회하고 정배열을 유지하며 강세 흐름을 보이는 가운데, 역대급 1분기 잠정 실적 발표로 인한 실질 호재가 단기 상승 모멘텀을 강화합니다."
2026-04-07,NVDA,NVDA,▲ 상승,78,AI 반도체 수요,실질 호재,"엔비디아는 2026년 4분기 회계연도에 기록적인 매출 681억 달러와 데이터센터 부문 성장을 발표했으며, 2027년 1분기에도 약 780억 달러의 강력한 매출 가이던스를 제시하여 AI 컴퓨팅 수요의 지속적인 강세를 시사했다.","nvidia.com, admiralmarkets.com, 247wallst.com",유사패턴 혼조,혼조,"AI 반도체 수요에 따른 기록적인 매출과 높은 가이던스 발표가 강력한 실질 호재로 작용하여 단기 상승 모멘텀을 기대할 수 있으나, 차트상 역배열 추세는 잠재적인 저항으로 작용할 수 있습니다."
2026-04-07,TSLA,TSLA,━ 관망,60,뉴스수집실패,단순 기대감,REST 방식 뉴스 수집 실패: 503 Server Error: Service Unavailable for url: https://generativelanguage.googleapis.com/v1beta/models/gemini-2.5-flash:generateContent,출처 없음,유사패턴 혼조,약세,"현재가가 20일선과 60일선을 모두 하회하며 이평선이 역배열을 형성하여 명확한 하락 추세를 보이고 있으나, 뉴스 및 과거 패턴 정보가 없어 추가적인 방향성은 확인되지 않는다."
2026-04-07,AAPL,AAPL,▼ 하락,82,폴더블 아이폰,실질 악재,"4월 7일, 애플의 폴더블 아이폰 생산이 2027년까지 지연될 수 있다는 보도가 나오며 주가가 하락했으며, 최고 경영진의 자사주 매도 소식도 투자자들의 주의를 끌었습니다.","quiverquant.com, marketbeat.com, 247wallst.com",유사패턴 혼조,약세,폴더블 아이폰 출시 지연 보도와 경영진의 자사주 매도라는 실질 악재가 역배열 차트 흐름과 겹쳐 단기 하락 압력이 강하게 작용하고 있다.
2026-04-07,GOOGL,GOOGL,━ 관망,45,뉴스수집실패,단순 기대감,REST 방식 뉴스 수집 실패: 503 Server Error: Service Unavailable for url: https://generativelanguage.googleapis.com/v1beta/models/gemini-2.5-flash:generateContent,출처 없음,유사패턴 혼조,혼조,"현재가가 20일선을 상회하며 단기 반등을 시도하나 60일선 하회 및 역배열 추세가 지속되어 혼조세를 보이며, 뉴스 및 과거 패턴에서 뚜렷한 방향성 신호가 없어 관망이 필요하다."
2026-04-07,삼진제약,000520,▲ 상승,75,월드클래스 플러스 프로젝트,실질 호재,"삼진제약은 2026년 4월 7일 산업통상자원부의 '월드클래스 플러스 프로젝트'에 최종 선정되었으며, 이는 신약 파이프라인(SJN314) 및 항체-약물접합체(ADC) 플랫폼의 기술력과 사업화 가능성을 정부로부터 인정받은 결과이다. 이번 선정으로 삼진제약은 글로벌 시장 진출 기반을 확보하고 연구개발, 수출, 금융 등의 지원을 받게 된다.","daum.net, ttlnews.com, hitnews.co.kr",유사패턴 혼조,약세,산업통상자원부의 '월드클래스 플러스 프로젝트' 최종 선정이라는 실질적 호재가 현재의 약세 차트에도 불구하고 단기적인 주가 상승 동력으로 작용할 가능성이 높다.
2026-04-07,케이뱅크,272210,▲ 상승,78,IPO,실질 호재,"케이뱅크는 3월 5일 코스피 시장에 성공적으로 상장했으며, 상장 첫날 주가가 공모가 대비 11% 이상 상승하며 긍정적인 시장 반응을 얻었다. 비록 공모가는 희망 밴드 하단으로 결정되었으나, IPO를 통해 확보된 자본을 바탕으로 플랫폼, 기업대출, 디지털자산 등 미래 성장 동력 확보에 주력할 계획이다.","ebc.com, mk.co.kr, hankyung.com",유사패턴 혼조,강세,성공적인 IPO를 통한 성장 동력 확보 기대감과 중장기 정배열 추세가 단기 주가 상승 모멘텀을 지지한다.
2026-04-07,리얼티인컴,O,▲ 상승,75,채권 발행 및 배당 증가,실질 호재,"리얼티인컴은 4월 7일 8억 달러 규모의 선순위 채권 발행을 성공적으로 마감하여 자금 조달 역량을 입증했으며, 3월에 월 배당금을 인상하고 아폴로와의 10억 달러 소매 자산 합작 투자를 발표하며 꾸준한 성장과 배당 정책을 이어갔다.","marketscreener.com, realtyincome.com, investing.com",유사패턴 혼조,약세,"현재가는 주요 이동평균선 아래에 위치하며 역배열을 형성하여 기술적으로는 약세이나, 8억 달러 채권 발행 성공, 월 배당금 인상, 그리고 10억 달러 소매 자산 합작 투자 발표 등 실질적인 호재성 뉴스는 단기적인 주가 지지 및 반등의 동력으로 작용할 가능성이 있다."
2026-04-07,포스코DX,022100,━ 관망,65,NPU,실질 호재,"포스코DX는 4월 2일 AI 반도체 스타트업 모빌린트와 NPU 기반 AI 전환(AX) 구현 업무협약을 체결하고, 2월에는 모빌린트에 30억 원을 투자하며 제조 AI 혁신 가속화 및 AI 인프라 비용 절감을 통한 인텔리전트 팩토리 전환 계획을 밝혔다.","poscodx.com, alphasquare.co.kr, posco.com",유사패턴 혼조,약세,"최근 NPU 기반 AI 전환 및 관련 투자 소식은 실질 호재로 작용할 수 있으나, 현재 주가가 주요 이동평균선을 하회하며 역배열을 보이는 차트 흐름이 단기적인 상승 압력을 제한할 것으로 예상된다."
2026-04-07,카카오,035720,▼ 하락,78,AI 사업화,단순 기대감,"카카오는 2025년 역대 최대 실적을 달성하고 2026년을 AI 사업화의 원년으로 삼아 성장하겠다는 계획을 밝혔으나, 일부 증권사는 AI 수익화 지연 및 자회사 가치 하락 우려로 목표주가를 하향 조정했다.","byline.network, mk.co.kr, chosun.com",유사패턴 혼조,약세,"현재가는 주요 이동평균선을 모두 하회하며 역배열을 형성하여 약세 추세가 뚜렷하고, AI 사업화 기대감에도 불구하고 수익화 지연 및 자회사 가치 하락 우려로 인한 증권사 목표주가 하향 조정이 단기적인 하방 압력으로 작용할 수 있다."
2026-04-08,삼성전자,005930,▲ 상승,82,AI 반도체,실질 호재,"삼성전자는 2026년 1분기에 AI 반도체 슈퍼사이클에 힘입어 57.2조 원의 역대 최고 영업이익을 달성했으며, HBM4 양산 출하와 테슬라의 차세대 AI 칩 수주를 통해 파운드리 경쟁력을 강화하고 있다.","joongang.co.kr, naver.com, next10tech.net",유사패턴 혼조,강세,"현재 차트는 강력한 정배열 상승 추세에 있으며, AI 반도체 관련 역대급 실적 및 핵심 기술 수주 뉴스가 단기 상승 모멘텀을 강화한다."
2026-04-08,NVDA,NVDA,▲ 상승,78,AI 반도체,실질 호재,엔비디아는 2026회계연도 4분기 시장 예상치를 상회하는 실적을 발표하고 2027회계연도 1분기 강력한 매출 가이던스를 제시하며 AI 반도체 시장에서의 지배력을 확인했다. CEO는 2027년까지 블랙웰 및 루빈 플랫폼에서 1조 달러의 매출을 예상하며 성장 기대감을 높였다.,"marketbeat.com, capital.com, fool.com",유사패턴 혼조,혼조,"시장 예상치를 뛰어넘는 실적과 강력한 미래 매출 가이던스가 AI 반도체 시장의 지배력을 재확인하며, 단기적인 차트 저항에도 불구하고 주가 상승의 강력한 동력으로 작용할 전망이다."
2026-04-08,TSLA,TSLA,━ 관망,60,기술적 지표,단순 기대감,REST 방식 뉴스 수집 실패: 503 Server Error: Service Unavailable for url: https://generativelanguage.googleapis.com/v1beta/models/gemini-2.5-flash:generateContent,출처 없음,유사패턴 혼조,약세,현재가는 20일선과 60일선 모두 하회하며 이평선이 역배열을 형성하는 등 기술적 지표가 명확한 하락 추세를 나타내고 있다.
2026-04-08,AAPL,AAPL,▲ 상승,75,폴더블 아이폰,단순 기대감,"2026년 4월 8일 기준, 초기 엔지니어링 문제로 인한 출시 지연 우려가 있었으나, 애플의 첫 폴더블 아이폰이 올해 9월 출시될 예정이라는 보도가 나오며 시장의 기대감이 다시 커졌다.","marketbeat.com, clickorlando.com, investing.com",유사패턴 혼조,강세,"긍정적인 폴더블 아이폰 출시 기대감과 20일 이동평균선을 상회하는 현재가는 단기 상승 모멘텀을 제공하나, 역배열 이평선은 지속적인 상승에 대한 잠재적 저항을 시사한다."
2026-04-08,GOOGL,GOOGL,▲ 상승,82,AI 인프라,실질 호재,알파벳은 Broadcom과의 장기 계약을 통해 맞춤형 AI 칩을 확보하고 AI 스타트업 투자를 확대하며 AI 인프라 강화에 박차를 가하여 시장에서 긍정적인 반응을 얻었다.,tradingkey.com,유사패턴 혼조,강세,"알파벳의 AI 인프라 강화는 실질적인 호재로 작용하며, 현재 주가가 이동평균선을 상회하고 강한 일간 상승률을 기록하면서 단기 상승 모멘텀이 강화되고 있다."
2026-04-08,삼진제약,000520,▲ 상승,70,신약 개발 지원,실질 호재,삼진제약은 4월 7일 산업통상자원부의 '월드클래스 플러스 프로젝트'에 선정되어 향후 4년간 총 400억 원 규모의 연구개발(R&D) 지원을 받게 되었다. 이는 면역·염증 치료 후보물질 SJN314와 ADC 플랫폼 등 회사의 혁신 신약 기술 개발 및 사업화 가능성을 인정받은 결과다.,"chosun.com, daum.net",유사패턴 혼조,약세,강력한 정부 지원 신약 개발 선정 소식은 현재의 약세 차트에도 불구하고 단기적인 매수 심리를 유발할 수 있는 중요한 호재로 작용할 것이다.
2026-04-08,케이뱅크,272210,▲ 상승,78,IPO,실질 호재,"케이뱅크는 3월 5일 코스피에 성공적으로 상장하여 공모가 8,300원에 총 4,980억원의 자본을 확충했으며, 이를 통해 10조원 이상의 신규 여신 성장 여력을 확보했다. 이는 2025년 순이익이 감소했음에도 불구하고, 플랫폼 및 기업대출 등 미래 성장 동력을 강화할 기반을 마련했다는 평가다.","g-enews.com, dailian.co.kr, etnews.com",유사패턴 혼조,혼조,"성공적인 IPO를 통해 확보된 대규모 자본은 미래 성장 동력을 강화하는 실질 호재로 작용하며, 단기적인 주가 조정에도 불구하고 상승 추세를 지지할 것으로 예상된다."
2026-04-08,리얼티인컴,O,▲ 상승,75,자금 조달,실질 호재,"리얼티인컴은 3월에 월배당금 인상을 발표했으며, 4월 7일에는 2033년 만기 8억 달러 규모의 선순위 무담보 채권 발행을 성공적으로 완료하여 향후 성장 전략을 위한 안정적인 장기 자금을 확보했다.","prnewswire.com, simplywall.st, hinews.co.kr",유사패턴 혼조,혼조,리얼티인컴은 최근 월배당금 인상 발표와 성공적인 장기 채권 발행으로 안정적인 자금 조달 및 향후 성장 동력을 확보하여 긍정적인 단기 주가 흐름이 예상된다.
2026-04-08,포스코DX,022100,▲ 상승,85,AI 전환,실질 호재,"포스코DX는 3월 '스마트공장·자동화산업전 2026'에 참가하여 AI 및 로봇 기반의 AX·DX 기술 역량을 선보였으며, 국내 NPU 개발사에 투자하고 휴머노이드 로봇 도입을 추진하며 'AI Native Company'로의 전환을 가속화하고 있다.","newstomato.com, chosun.com, edaily.co.kr",유사패턴 혼조,강세,"AI 전환 가속화라는 실질 호재가 투자심리를 견인하며, 현재가가 20일선을 상회하고 전일 대비 큰 폭으로 상승하여 단기적 상승 모멘텀이 강하다."
2026-04-08,카카오,035720,▼ 하락,75,AI 성장,단순 기대감,"카카오는 2025년 4분기 실적이 시장 기대치를 상회하는 호조를 보였으며, 2026년을 AI 수익화 원년으로 삼아 AI 및 글로벌 사업 확장을 통한 성장 목표를 제시했다. 1분기 실적 또한 시장 컨센서스에 부합할 것으로 전망되었으며, 카카오뱅크는 몽골 시장 진출을 위한 MOU를 체결하는 등 자회사들의 사업 확장도 기대감을 더했다.","ttlnews.com, byline.network, kakaocorp.com",유사패턴 혼조,약세,"현재가가 20일선과 60일선을 모두 하회하고 이평선이 역배열을 형성하며 단기 기술적 약세가 뚜렷하나, AI 수익화 원년 목표 및 자회사 성장 기대감 뉴스는 단기적 하방 압력을 일부 제한할 것으로 예상됩니다."
2026-04-09,삼성전자,005930,▲ 상승,88,1분기 실적,실질 호재,"삼성전자는 2026년 1분기 잠정 실적으로 매출 133조원, 영업이익 57.2조원을 발표하며 반도체 슈퍼사이클 및 HBM 시장 확대에 힘입어 역대급 '어닝 서프라이즈'를 기록했다.","samsung.com, youtube.com, naver.com",유사패턴 혼조,강세,"기준일의 단기 하락에도 불구하고, 삼성전자의 역대급 1분기 어닝 서프라이즈와 견고한 정배열 차트가 단기 상승 추세 지속을 강하게 시사한다."
2026-04-09,NVDA,NVDA,▲ 상승,75,AI 반도체,실질 호재,"엔비디아는 2026년 4분기 기록적인 실적을 발표하고 2027년 1분기 긍정적인 매출 전망을 제시하며 강력한 성장세를 지속했다. 또한 CES 및 GTC 2026에서 차세대 AI 칩 '베라 루빈' 등 신규 AI 플랫폼을 공개하여 AI 인프라 시장 주도권을 강화했으며, 중국향 칩 출하 재개 승인 소식도 긍정적이다.","fool.com, nvidia.com, kucoin.com",유사패턴 혼조,혼조,"기록적인 실적과 긍정적 전망, 신규 AI 플랫폼 공개 및 중국 시장 재진입 소식이라는 강력한 호재가 역배열에도 불구하고 현재 주가를 20일선과 60일선 위에 유지하며 단기 상승 모멘텀을 형성하고 있습니다."
2026-04-09,TSLA,TSLA,▼ 하락,85,1분기 인도량,실질 악재,"테슬라의 2026년 1분기 글로벌 차량 인도량이 애널리스트 예상치인 365,645대를 하회하는 358,023대를 기록하며 전년 대비 감소했고, 특히 중국 소매 판매가 급락하고 재고가 쌓이는 조짐을 보였다.","electrek.co, tradingkey.com",유사패턴 혼조,약세,현재가가 주요 이동평균선을 하회하고 역배열을 형성한 약세 차트와 애널리스트 예상치를 크게 하회한 1분기 인도량 악재가 겹쳐 단기 하방 압력이 클 것으로 예상된다.
2026-04-09,AAPL,AAPL,━ 관망,60,폴더블 아이폰,단순 기대감,"4월 7일(현지시간) 보도에 따르면, 엔지니어링 난항에도 불구하고 애플의 첫 폴더블 아이폰이 2026년 9월 출시 일정을 차질 없이 진행 중인 것으로 알려졌다.","mexc.com, benzinga.com, investing.com",유사패턴 혼조,혼조,"현재가가 20일선과 60일선을 상회하나 이평선 배열이 역배열로 추세가 혼조세를 보이며, 폴더블 아이폰 관련 뉴스는 단순 기대감으로 단기 방향성 확신이 부족하다."
2026-04-09,GOOGL,GOOGL,▲ 상승,75,AI 인프라 및 제품 강화,실질 호재,"2026년 4월 9일, 구글은 인텔과의 다년간 협력을 통해 AI 및 클라우드 인프라를 강화하고, AI 기반 연구 도구인 NotebookLM을 Gemini에 통합하여 AI 기능 및 사용자 경험을 개선했다고 발표했다.","intel.com, notebookcheck.net",유사패턴 혼조,혼조,"인텔과의 AI 및 클라우드 인프라 강화 협력과 AI 제품 개선 뉴스가 단기 실질 호재로 작용하며, 현재가가 이동평균선을 상회하는 흐름과 함께 단기 상승 모멘텀을 형성할 것으로 예상된다."
2026-04-09,삼진제약,000520,━ 관망,65,월드클래스 프로젝트,실질 호재,"삼진제약은 4월 7일 산업통상자원부 주관 '월드클래스 플러스 프로젝트'에 최종 선정되어 4년간 40억원 규모의 R&D 지원을 확보하며, 면역 염증 치료제 및 ADC 플랫폼 등 핵심 신약 파이프라인 개발에 박차를 가할 예정이다.","chosun.com, hitnews.co.kr, yakup.com",유사패턴 혼조,약세,"현재가는 20일선과 60일선을 모두 하회하며 역배열을 형성하여 기술적으로는 약세 신호가 뚜렷하지만, 산업통상자원부의 월드클래스 플러스 프로젝트 선정 소식은 실질적인 R&D 지원을 확보하는 강력한 호재이므로 단기 방향성에 대한 신호가 상충됩니다."
2026-04-09,케이뱅크,272210,━ 관망,65,업비트 의존도,실질 악재,"케이뱅크는 상장 약 한 달 만인 2026년 4월 초, 공모가 대비 주가가 하락했으며, 높은 업비트 의존도와 수익성 지표 악화가 주된 원인으로 꼽혔다. 이에 케이뱅크는 가계대출 규제 대응 및 새로운 성장 동력 확보를 위해 기업 대출 확대와 동남아시아, 중동 등 해외 시장 진출을 모색 중이다.","chosun.com, newstopkorea.com, edaily.co.kr",유사패턴 혼조,강세,"현재 차트상 강세 흐름과 정배열은 단기 매수세를 시사하지만, 높은 업비트 의존도와 수익성 악화라는 실질 악재가 상존하여 단기 상승세의 지속 가능성에 대한 불확실성이 크다."
2026-04-09,리얼티인컴,O,▲ 상승,80,자본 조달 및 성장 전략,실질 호재,"리얼티인컴은 2026년 3월 말부터 4월 초까지 8억 달러 규모의 선순위 채권 발행과 6억 9,400만 달러 규모의 무담보 대출을 완료하며 유동성을 확보했다. 또한 아폴로 및 GIC와의 전략적 파트너십을 통해 향후 80억 달러 규모의 투자 목표를 위한 자금을 조달하며 성장 전략을 강화했다.","mtn.co.kr, simplywall.st, alphaview.kr",유사패턴 혼조,강세,"리얼티인컴의 대규모 자본 조달 및 전략적 파트너십은 강력한 성장 동력을 제공하며, 현재 주가가 주요 이동평균선을 상회하고 있어 단기 상승 흐름이 예상된다."
2026-04-09,포스코DX,022100,▲ 상승,75,AI Native Company 전환,실질 호재,"포스코DX는 2026년 3월 4일부터 6일까지 '스마트공장·자동화산업전 2026'에 참가하여 AI 네이티브 컴퍼니로의 전환을 가속화하고 있음을 발표했으며, AI 에이전트 및 피지컬 AI를 활용한 인텔리전트 팩토리 구현 성과를 공유했다. 또한, 회계 업무에 AI 에이전트를 적용하여 약 80%의 시간을 단축하는 등 실질적인 업무 효율성 향상을 입증했다.","newstomato.com, chosun.com, edaily.co.kr",유사패턴 혼조,혼조,"AI 네이티브 컴퍼니 전환에 따른 실질적인 업무 효율성 향상 뉴스가 단기적으로 긍정적인 모멘텀을 제공하며, 20일선 위에 있는 주가가 상승 시도를 뒷받침할 것으로 예상된다."
2026-04-09,카카오,035720,━ 관망,60,경영 쇄신,실질 호재,"카카오는 2026년 1분기 실적이 시장 예상치에 부합할 것으로 전망되며, 계열사의 자율 경영을 강화하는 CA협의체 개편을 통해 경영 효율성을 제고하고 AI 및 글로벌 사업 확장을 위한 기반을 마련하고 있다.","mk.co.kr, newdaily.co.kr, kakaocorp.com",유사패턴 혼조,약세,"현재가는 20일선과 60일선을 모두 하회하며 이평선 역배열을 보이는 약세 차트이나, 경영 쇄신 및 실적 기대감 뉴스는 긍정적 신호로 상충되어 단기적인 방향성에 대한 확신이 부족하다."
2026-04-10,삼성전자,005930,▲ 상승,90,1분기 잠정 실적,실질 호재,"삼성전자는 2026년 4월 7일 발표된 1분기 잠정 실적에서 매출 133조 원, 영업이익 57.2조 원을 기록하며 시장 예상을 뛰어넘는 역대 최고 분기 실적을 달성했다. 이는 AI 수요 증가에 따른 반도체 업황 개선과 슈퍼사이클의 영향으로 분석된다.","samsung.com, youtube.com, daum.net",유사패턴 혼조,강세,역대 최고 1분기 잠정 실적 발표와 정배열을 유지하며 이동평균선을 상회하는 강세 차트가 단기 상승 추세를 지지한다.
2026-04-10,NVDA,NVDA,▲ 상승,90,AI 반도체,실질 호재,"NVIDIA는 회계연도 2026년 견조한 실적을 기록하고 데이터 센터 사업에서 기록적인 성장을 달성했으며, 차세대 Blackwell 및 Rubin 칩 플랫폼의 성공적인 출시로 2026-2027년 1조 달러 매출이 예상되는 등 AI 반도체 시장 리더십을 공고히 하고 있다.","fool.com, financialcontent.com",유사패턴 혼조,강세,NVIDIA의 강력한 AI 반도체 시장 리더십과 긍정적인 실적 전망 뉴스가 현재가가 주요 이평선을 상회하며 강한 매수세를 보이는 차트와 결합되어 단기 상승 가능성이 높다.
2026-04-10,TSLA,TSLA,▲ 상승,70,FSD 유럽 승인,실질 호재,"2026년 4월 10일, 테슬라의 완전자율주행(FSD) Supervised 버전이 네덜란드 차량관리청(RDW)으로부터 공식 승인되어 유럽 30개국 확대를 위한 첫걸음을 내디뎠으며, 이는 당일 주가 반등으로 이어졌다.","naver.com, tistory.com",유사패턴 혼조,약세,"테슬라의 FSD 유럽 승인이라는 실질적인 호재가 당일 주가 반등을 이끌며 단기 상승 모멘텀을 형성하고 있으나, 현재 차트의 역배열과 이동평균선 하회는 잠재적 저항으로 작용할 수 있다."
2026-04-10,AAPL,AAPL,▲ 상승,75,분기 실적 및 신제품,실질 호재,"Apple은 2026년 1분기에 기록적인 매출과 아이폰 판매를 달성했으며, 2분기에도 13~16%의 매출 성장을 예상하며 견조한 실적을 보였습니다. 이와 함께 폴더블 아이폰 및 아이폰 18 프로 등 신제품 출시와 AI 기능 강화에 대한 기대감도 있으나, 앱스토어 성장 둔화 및 일부 매장 폐쇄 소식도 있었습니다.","9to5mac.com, marketbeat.com, barchart.com",유사패턴 혼조,혼조,"견조한 분기 실적과 신제품 및 AI 기능 강화에 대한 기대감이라는 실질 호재가 단기 주가 상승 모멘텀을 제공하며 20일선과 60일선을 상회했으나, 역배열 이평선은 상승세 지속에 대한 신중한 접근을 요한다."
2026-04-10,GOOGL,GOOGL,━ 관망,60,뉴스수집실패,단순 기대감,REST 방식 뉴스 수집 실패: 503 Server Error: Service Unavailable for url: https://generativelanguage.googleapis.com/v1beta/models/gemini-2.5-flash:generateContent,출처 없음,유사패턴 혼조,강세,"현재가가 20일선과 60일선을 상회하며 단기 강세 신호를 보이지만, 이평선 역배열과 뉴스 및 패턴 부재로 상승 추세의 지속 여부는 불확실하다."
2026-04-10,삼진제약,000520,━ 관망,60,뉴스수집실패,단순 기대감,REST 방식 뉴스 수집 실패: 503 Server Error: Service Unavailable for url: https://generativelanguage.googleapis.com/v1beta/models/gemini-2.5-flash:generateContent,출처 없음,유사패턴 혼조,약세,"현재가가 20일선과 60일선을 모두 하회하고 이평선이 역배열 상태로 하락 추세가 뚜렷하며, 유의미한 상승 모멘텀을 제공할 뉴스나 과거 패턴이 부재하다."
2026-04-10,케이뱅크,272210,━ 관망,60,뉴스수집실패,단순 기대감,REST 방식 뉴스 수집 실패: 503 Server Error: Service Unavailable for url: https://generativelanguage.googleapis.com/v1beta/models/gemini-2.5-flash:generateContent,출처 없음,유사패턴 혼조,강세,"차트가 정배열 상태에서 주요 이평선을 상회하며 강세 신호를 보이고 있으나, 구체적인 뉴스 호재 부재로 상승 여력은 기술적 흐름에 더 의존할 것으로 판단된다."
2026-04-10,리얼티인컴,O,━ 관망,45,기술적 지표 혼조,단순 기대감,REST 방식 뉴스 수집 실패: 503 Server Error: Service Unavailable for url: https://generativelanguage.googleapis.com/v1beta/models/gemini-2.5-flash:generateContent,출처 없음,유사패턴 혼조,혼조,현재가는 단기 및 중기 이동평균선을 상회하나 이평선이 역배열 상태에 있고 유의미한 뉴스 및 과거 패턴 정보가 없어 단기 방향성 판단이 어렵다.
2026-04-10,포스코DX,022100,━ 관망,45,뉴스수집실패,단순 기대감,REST 방식 뉴스 수집 실패: 503 Server Error: Service Unavailable for url: https://generativelanguage.googleapis.com/v1beta/models/gemini-2.5-flash:generateContent,출처 없음,유사패턴 혼조,혼조,"현재가는 단기 이평선을 상회하지만, 장기 이평선 아래 역배열 추세에 있어 기술적 방향이 혼조하며, 뉴스 재료는 단순 기대감 수준으로 추세를 전환할 강력한 모멘텀이 부족하다."
2026-04-10,카카오,035720,━ 관망,65,AI 전략 및 실적 개선,실질 호재,"카카오는 2025년 4분기 시장 기대치를 상회하는 실적을 달성했으며, 2026년에는 연간 매출 10% 이상 성장 및 영업이익률 10% 달성을 목표로 AI 기반의 카카오톡 서비스 고도화와 사업 효율화에 집중하고 있다. 특히, 카카오뱅크는 글로벌 및 신사업 확장을 추진하고 있으며, 카카오게임즈는 라인야후와의 파트너십을 통해 글로벌 시장 공략에 박차를 가할 계획이다.","ttlnews.com, inews24.com, koreatimes.co.kr",유사패턴 혼조,약세,"기술적 지표는 역배열 상태에서 주요 이평선을 하회하는 약세 추세를 보이나, 시장 기대치를 상회하는 실적 달성과 AI 기반의 명확한 성장 전략이 실질 호재로 작용하여 단기 방향성에 대한 신호가 상충, 관망이 필요하다."
2026-04-13,삼성전자,005930,▲ 상승,88,실적 및 HBM,실질 호재,"삼성전자는 2026년 1분기 잠정 매출 133조 원, 영업이익 57.2조 원을 기록하며 역대 최고 실적을 발표했으며, 이는 HBM 수요 증가 및 반도체 슈퍼사이클에 기인한다. 또한, 7세대 HBM 개발을 가속화하고 생산 능력을 확대하여 AI 반도체 시장 리더십을 강화할 예정이다.","samsung.com, ceomagazine.co.kr, naver.com",유사패턴 혼조,강세,"현재가는 이동평균선들을 상회하며 정배열을 형성하여 강한 추세를 보이고 있으며, 역대 최고 실적 발표 및 HBM 리더십 강화 뉴스가 긍정적인 단기 모멘텀을 제공합니다."
2026-04-13,NVDA,NVDA,━ 관망,45,뉴스수집실패,단순 기대감,REST 방식 뉴스 수집 실패: 503 Server Error: Service Unavailable for url: https://generativelanguage.googleapis.com/v1beta/models/gemini-2.5-flash:generateContent,출처 없음,유사패턴 혼조,혼조,"현재가는 단기 이동평균선을 상회하나 이평선 배열은 역배열로 추세의 불확실성이 크고, 뉴스 및 과거 패턴에서 명확한 방향성이 부재하여 관망이 필요합니다."
2026-04-13,TSLA,TSLA,━ 관망,60,뉴스수집실패,단순 기대감,REST 방식 뉴스 수집 실패: 503 Server Error: Service Unavailable for url: https://generativelanguage.googleapis.com/v1beta/models/gemini-2.5-flash:generateContent,출처 없음,유사패턴 혼조,약세,"현재가가 주요 이동평균선을 모두 하회하고 이평선이 역배열을 형성하며 강한 하락 추세를 나타내는 가운데, 실질적인 호재성 재료나 과거 패턴이 부재하여 상승 동력이 부족하다."
2026-04-13,AAPL,AAPL,▲ 상승,75,아마존 위성 통신,실질 호재,"애플은 아마존과의 전략적 파트너십을 통해 향후 아이폰 기기 연결에 고급 Leo 위성 네트워크를 활용할 예정이며, 이는 위성 통신 분야에서 애플의 입지를 강화할 것으로 예상되어 주가가 상승했다.",indexbox.io,유사패턴 혼조,혼조,"강력한 아마존과의 위성 통신 파트너십이라는 실질 호재가 단기적 상승 모멘텀을 제공할 것으로 예상되나, 차트상 역배열과 60일선 저항을 앞두고 있어 상승폭은 제한될 수 있다."
2026-04-13,GOOGL,GOOGL,▲ 상승,88,AI 기술 및 시장 가치,실질 호재,"Alphabet (GOOGL)은 Gemini 3 AI 모델의 성공적인 출시와 맞춤형 AI 칩 전략에 힘입어 3조 달러 시장 가치를 달성했으며, AI 기반 광고 제품의 강력한 성과로 기업 가치가 상승했다. Zacks는 상승하는 수익 추정치를 바탕으로 GOOGL에 대한 등급을 '매수'로 상향 조정했다.","marketingprofs.com, youtube.com, zacks.com",유사패턴 혼조,강세,"Alphabet은 Gemini 3 출시와 맞춤형 AI 칩 전략으로 3조 달러 시장 가치를 달성하며 실질 호재를 맞았고, 현재 주가는 주요 이동평균선을 상회하며 단기 상승 모멘텀을 보인다."
2026-04-13,삼진제약,000520,━ 관망,60,신약 개발,단순 기대감,삼진제약은 2026년 4월 13일 이대서울병원과 중추신경계(CNS) 질환 신약 개발을 위한 전략적 업무협약(MOU)을 체결했다. 또한 산업통상자원부의 '월드클래스 플러스 프로젝트'에 선정되어 4년간 R&D 지원을 확보하며 신약 파이프라인 고도화에 박차를 가하고 있다.,"docdocdoc.co.kr, thebionews.net, hin.company",유사패턴 혼조,약세,"현재가는 이동평균선을 모두 하회하며 역배열을 형성하여 약세 흐름을 보이나, 중추신경계 신약 개발 MOU 및 R&D 지원 확보 소식은 단순 기대감으로 작용하여 단기 방향성에는 혼조세가 예상된다."
2026-04-13,케이뱅크,272210,▼ 하락,75,케이뱅크 주가 하락,실질 악재,"케이뱅크는 상장 약 한 달 만에 주가가 공모가를 하회했으며, 이는 높은 업비트 의존도로 인한 예치금 이자 비용 증가와 순이익 및 수익성 지표 하락 때문으로 분석된다.",newstopkorea.com,유사패턴 혼조,강세,케이뱅크는 상장 후 공모가 하회 및 수익성 악화와 같은 실질 악재가 부각되어 단기적으로 하방 압력이 우세할 것으로 예상된다.
2026-04-13,리얼티인컴,O,▲ 상승,75,배당,실질 호재,"리얼티인컴은 3월 11일 134번째 월배당 증액을 발표하며 669회 연속 배당 지급 기록을 이어갔으며, 3월 말 8억 달러 규모의 선순위 채권 발행을 성공적으로 확정하여 견고한 자금 조달 능력을 입증했다.","realtyincome.com, zacks.com, mtn.co.kr",유사패턴 혼조,혼조,안정적인 월배당 증액과 성공적인 자금 조달 소식이 주가를 지지하며 단기 상승 모멘텀을 형성할 가능성이 있다.
2026-04-13,포스코DX,022100,━ 관망,65,AI 전환,실질 호재,"포스코DX는 2026년 '스마트공장·자동화산업전'에서 AI 네이티브 기업 전환 전략을 발표하며 AI 에이전트와 로봇 기반 피지컬 AI 기술을 선보였고, 2026년 포스코 IT 아웃소싱 계약 체결 및 국산 NPU 개발사 투자를 통해 미래 성장 동력을 확보하고 있다.","chosun.com, edaily.co.kr, asiae.co.kr",유사패턴 혼조,약세,"AI 전환 전략 발표와 신규 계약 체결이라는 실질적인 호재에도 불구하고, 주가가 60일선을 하회하고 이평선이 역배열인 약세 차트 흐름이 충돌하여 단기 방향성 예측이 불확실하다."
2026-04-13,카카오,035720,▼ 하락,90,AI 수익화 지연,실질 악재,"카카오가 2026년 1분기 호실적을 거둘 것으로 예상되었음에도 불구하고, AI 사업의 수익화 지연에 대한 시장의 의구심과 주요 자회사 가치 하락으로 증권사들이 목표주가를 하향 조정했다.","fntimes.com, chosun.com, youtube.com",유사패턴 혼조,약세,"현재 주가가 주요 이동평균선을 하회하며 역배열을 보이는 약세 차트 흐름에, AI 수익화 지연 및 자회사 가치 하락 우려로 인한 증권사 목표주가 하향 조정 뉴스가 겹쳐 단기 하방 압력이 매우 높다."
2026-04-14,삼성전자,005930,━ 관망,60,기술적 강세,단순 기대감,"REST 방식 뉴스 수집 실패: HTTPSConnectionPool(host='generativelanguage.googleapis.com', port=443): Read timed out. (read timeout=30)",출처 없음,유사패턴 혼조,강세,"현재가가 20일선과 60일선을 상회하고 이평선이 정배열을 형성하며 강력한 상승 추세를 보이는 기술적 강세가 뚜렷하며, 특별한 악재 뉴스 부재로 단기 상승 가능성이 높다."
2026-04-14,NVDA,NVDA,▲ 상승,88,양자 AI 및 데이터센터,실질 호재,"NVIDIA는 2026년 4월 14일 양자 AI 모델 'Ising'을 출시했으며, 차세대 Vera Rubin 플랫폼에 대한 강한 수요와 FY2026의 견고한 실적을 바탕으로 데이터센터 사업의 지속적인 성장과 주가 상승을 이끌었다.","stocktitan.net, zacks.com, tipranks.com",유사패턴 혼조,강세,"NVIDIA의 새로운 양자 AI 모델 출시와 데이터센터 플랫폼에 대한 견고한 수요가 실질 호재로 작용하며, 주가가 20일선과 60일선을 모두 상회하고 높은 거래량을 동반하여 단기 상승 추세가 강하게 나타난다."
2026-04-14,TSLA,TSLA,━ 관망,60,뉴스수집실패,단순 기대감,REST 방식 뉴스 수집 실패: 503 Server Error: Service Unavailable for url: https://generativelanguage.googleapis.com/v1beta/models/gemini-2.5-flash:generateContent,출처 없음,유사패턴 혼조,약세,현재가가 20일선과 60일선을 모두 하회하며 이평선이 역배열을 형성하는 등 기술적 지표가 단기 하락 추세를 강하게 시사한다.
2026-04-14,AAPL,AAPL,▲ 상승,75,실적 전망,실질 호재,"2026년 4월 14일, 뱅크오브아메리카는 아이폰 판매 호조와 서비스 매출 성장에 대한 기대를 바탕으로 애플 목표주가를 상향 조정했으며, 4월 30일 발표될 2분기 실적이 시장 예상치를 뛰어넘을 것으로 전망했다. 같은 날 Apple Business 서비스도 공식 출시되었다.","247wallst.com, benzinga.com, gurufocus.com",유사패턴 혼조,혼조,강력한 실적 호재와 목표주가 상향 뉴스가 기술적 저항에도 불구하고 단기 주가 상승을 이끌 가능성이 높다.
2026-04-14,GOOGL,GOOGL,▲ 상승,78,AI 및 클라우드 성장,실질 호재,"GOOGL 주가는 4월 14일 AI 및 클라우드 부문의 긍정적 발전과 다가오는 1분기 실적에 대한 기대감, 애널리스트 목표주가 상향 등에 힘입어 상승했다.","marketbeat.com, tradingkey.com, tikr.com",유사패턴 혼조,강세,AI 및 클라우드 부문의 긍정적 발전과 애널리스트 목표주가 상향 등 실질 호재성 뉴스에 힘입어 주가가 20일선과 60일선을 모두 상회하며 강한 단기 상승 모멘텀을 형성하고 있다.
2026-04-14,삼진제약,000520,━ 관망,65,신약 개발,실질 호재,"삼진제약은 4월 산업통상자원부의 '월드클래스 플러스 프로젝트'에 선정되어 4년간 40억 원 규모의 R&D 지원을 확보했으며, 이대서울병원과 중추신경계 질환 치료제 공동 연구를 위한 업무협약을 체결하며 신약 개발 역량 강화에 나서고 있다.","chosun.com, yakup.com, daum.net",유사패턴 혼조,약세,"현재가는 20일선과 60일선을 모두 하회하고 이평선이 역배열을 보이는 약세 차트 흐름이나, 신약 개발 관련 정부 R&D 지원 확보 및 공동 연구 협약이라는 실질적 호재가 존재하여 단기 방향성은 혼조세를 보일 것으로 판단된다."
2026-04-14,케이뱅크,272210,━ 관망,65,IPO 부진 및 실적 악화,실질 악재,"케이뱅크는 3월 코스피 상장 이후 공모가 대비 20% 이상 하락한 주가를 기록했으며, 2025년 순이익이 전년 대비 12.1% 감소하는 등 실적 부진을 보였다. 이에 더해 상장 후 조직 정비와 인력 효율화의 일환으로 창사 이래 첫 희망퇴직을 실시하고 있어 전반적인 사업 및 주가에 대한 우려가 커지고 있다.","chosun.com, financialpost.co.kr, newstopkorea.com",유사패턴 혼조,강세,"현재 차트는 정배열과 이평선 상회로 단기 강세 신호를 보이나, IPO 부진, 실적 악화, 희망퇴직 등 실질적인 악재가 강하게 작용하여 향후 방향성에 대한 불확실성이 크다."
2026-04-14,리얼티인컴,O,▲ 상승,85,성장 동력,실질 호재,"리얼티인컴은 2026년 4월 7일 8억 달러 규모의 선순위 채권 발행을 성공적으로 완료하여 자금 조달을 강화하고, 3월에는 아폴로와 10억 달러 규모의 소매 자산 합작 투자를 발표하며 전략적 파트너십을 구축했다. 또한, 2026년 80억 달러의 투자 가이던스와 6월부터 사모펀드 수익 창출을 기대하며 긍정적인 성장 전망을 제시하고 있다.","mtn.co.kr, investing.com, seekingalpha.com",유사패턴 혼조,강세,강력한 자금 조달 및 전략적 투자를 통한 성장 동력 확보와 현재가가 주요 이동평균선을 상회하며 단기 상승 모멘텀을 형성하고 있다.
2026-04-14,포스코DX,022100,▼ 하락,80,2025년 실적 부진,실질 악재,"포스코DX는 2025년 4분기에 연결기준 영업손실을 기록하며 적자 전환했으며, 연간 영업이익은 그룹사 투자 지연과 전방 산업 위축으로 인해 전년 대비 44.6% 감소하는 '어닝 쇼크'를 발표했다.","ket.kr, datatooza.com",유사패턴 혼조,약세,핵심적인 2025년 어닝 쇼크 발표와 역배열 상태의 차트 흐름이 단기 하방 압력을 높이고 있다.
2026-04-14,카카오,035720,━ 관망,45,뉴스수집실패,단순 기대감,REST 방식 뉴스 수집 실패: 503 Server Error: Service Unavailable for url: https://generativelanguage.googleapis.com/v1beta/models/gemini-2.5-flash:generateContent,출처 없음,유사패턴 혼조,혼조,"현재가가 20일선을 상회하며 단기 반등 조짐을 보이지만, 역배열 추세와 60일선 하회가 지속되고 뉴스 재료 부재로 인해 단기 방향성에 대한 확신이 부족하다."
2026-04-15,삼성전자,005930,▲ 상승,82,반도체 실적 개선,실질 호재,"삼성전자는 2026년 1분기 57.2조 원의 기록적인 영업이익을 달성하며 전년 연간 이익을 단숨에 뛰어넘었고, AI 서버 중심의 강력한 메모리 수요와 파운드리 사업의 회복세에 힘입어 2분기에도 77조 원의 높은 영업이익이 전망된다.","ceomagazine.co.kr, youtube.com, businesspost.co.kr",유사패턴 혼조,강세,"강한 정배열 차트와 기록적인 1분기 실적, 그리고 2분기에도 이어질 호실적 전망이 단기 상승 추세에 힘을 더한다."
2026-04-15,NVDA,NVDA,▲ 상승,80,AI,실질 호재,"엔비디아는 양자 프로세서 캘리브레이션 및 오류 수정 가속화를 위한 세계 최초의 오픈 소스 양자 AI 모델 'Ising'을 출시하며 양자 컴퓨팅 시장 확대에 기여하고 있다. 또한, 2030년까지 데이터 센터 인프라 지출이 3~4조 달러에 이를 것으로 전망됨에 따라 AI 모델 훈련용 GPU 시장을 선도하며 지속적인 성장이 기대된다.","nvidia.com, stockhouse.com, investing.com",유사패턴 혼조,강세,강력한 실질 호재성 뉴스에 더해 현재가가 단기 및 중기 이동평균선을 상회하며 단기 상승 압력이 우세하다.
2026-04-15,TSLA,TSLA,▲ 상승,82,자율주행 기술,실질 호재,"테슬라는 4월 15일 차세대 자율주행 AI5 칩의 테이프아웃을 발표하여 AI 기술 개발에 중요한 진전을 보였고, 로보택시 서비스의 미국 내 7개 도시 확장을 상반기 중 추진할 계획이다.","tradingkey.com, electrek.co, zacks.com",유사패턴 혼조,혼조,"차세대 자율주행 AI 칩 테이프아웃 및 로보택시 서비스 확장 계획이라는 강력한 실질 호재와 함께, 주가가 20일선을 상회하고 전일대비 크게 상승하며 단기적인 강한 상승 모멘텀을 보이고 있다."
2026-04-15,AAPL,AAPL,▲ 상승,75,AI 전략,단순 기대감,"Apple은 iOS 27에서 타사 AI 플랫폼 통합 및 시리(Siri) 개편을 통한 AI 전략 전환을 추진 중이며, 올해 하반기 폴더블 아이폰, 스마트 안경 등 다수의 신제품 출시가 예상되어 미래 성장에 대한 기대감이 커지고 있다.","fool.com, seekingalpha.com, 9to5mac.com",유사패턴 혼조,강세,"현재가가 20일선과 60일선을 상회하며 강한 단기 상승 모멘텀을 보이고 있으며, 미래 AI 전략 및 신제품에 대한 기대감이 긍정적인 투자심리를 지지한다."
2026-04-15,GOOGL,GOOGL,▲ 상승,78,AI 성장,단순 기대감,"2026년 4월 15일 기준으로 다수의 애널리스트가 GOOGL의 목표 주가를 상향 조정하며 AI 기반 클라우드 성장과 검색 확장, 그리고 SpaceX 지분 가치에 대한 기대감을 표명했다. 이와 함께 구글 클라우드의 전략적 협력 및 Gemini 앱 기능 확장 등 AI 및 클라우드 부문의 실제 사업 진전 소식도 긍정적인 투자 심리에 기여했다.","quiverquant.com, marketbeat.com, gurufocus.com",유사패턴 혼조,강세,"현재가가 주요 이동평균선을 강하게 상회하며 단기 상승 모멘텀을 형성하고 있으며, 애널리스트 목표가 상향 및 AI 관련 성장 기대감이 긍정적인 투자 심리를 뒷받침한다."
2026-04-15,삼진제약,000520,▲ 상승,65,이대서울병원 CNS 신약 개발 MOU,단순 기대감,"삼진제약은 4월 13일 이대서울병원과 중추신경계(CNS) 질환 치료제 개발을 위한 전략적 업무협약(MOU)을 체결했으며, 편두통 등 CNS 질환 치료제 공동 연구 및 국책과제 연계를 통해 신약 개발 역량을 강화할 계획이다.","bloter.net, khanews.com, thebionews.net",유사패턴 혼조,혼조,"중추신경계 신약 개발 MOU에 대한 단순 기대감과 당일 20일선 상회 마감은 단기 상승 동력으로 작용할 수 있으나, 전반적인 역배열 추세는 상승폭을 제한할 수 있습니다."
2026-04-15,케이뱅크,272210,▼ 하락,75,케이뱅크 주가 부진,실질 악재,"케이뱅크는 상장 한 달 만에 공모가 대비 23% 하락한 주가와 수익성 악화에 대응하여 예금 금리를 인하하고 창사 이래 첫 희망퇴직을 실시했다. 또한, 높은 업비트 의존도와 6월부터 시작될 보호예수 해제 물량, 경쟁사 대비 미흡한 ESG 체계 등은 주가에 부담으로 작용하고 있다.","daum.net, newstopkorea.com, chosun.com",유사패턴 혼조,강세,"현재 기술적으로 정배열을 보이지만, 상장 후 주가 부진, 수익성 악화, 희망퇴직, 그리고 6월부터 시작될 보호예수 해제 물량 등 강력한 실질 악재들이 단기적인 하방 압력으로 작용할 것으로 판단된다."
2026-04-15,리얼티인컴,O,▲ 상승,80,월 배당,실질 호재,"리얼티인컴은 2026년 4월 15일에 지급된 배당금을 포함하여 월별 배당금을 인상하고 670번째 연속 월별 배당을 선언하며 배당 귀족으로서의 면모를 강화했다. 또한, 아폴로와의 10억 달러 규모 소매 자산 합작 투자를 통해 성장 동력을 확보했다.","marketscreener.com, prnewswire.com, alphaview.kr",유사패턴 혼조,혼조,"강력한 월 배당 인상 및 670회 연속 배당 기록, 그리고 신규 합작 투자 소식은 단기적으로 매수세를 유입시키며 상승 모멘텀을 강화할 것으로 판단된다."
2026-04-15,포스코DX,022100,▲ 상승,75,NPU,실질 호재,포스코DX는 AI 반도체 스타트업 모빌린트에 30억 원을 투자하고 NPU(신경망처리장치) 기반의 스마트 팩토리 구축을 위한 사업 협력을 체결했다. 이를 통해 산업 현장의 AI 전환(AX)을 가속화하고 비용 절감 효과를 기대하고 있다.,"sedaily.com, marketscreener.com, chosun.com",유사패턴 혼조,혼조,NPU 기반 스마트 팩토리 투자 및 협력 소식은 AI 전환 가속화와 비용 절감 기대를 높이는 실질 호재로 단기 상승 모멘텀을 형성할 것으로 예상된다.
2026-04-15,카카오,035720,▲ 상승,75,AI 성장,실질 호재,"카카오는 2025년 역대 최대 실적을 달성하고 톡비즈 광고 성장을 통해 견고한 본업을 입증했다. 또한, 경영 쇄신을 통한 조직 효율성 제고와 AI 및 글로벌 팬덤 OS를 중심으로 2026년 성장을 본격화할 전략이다.","etnews.com, ttlnews.com, dealsitetv.com",유사패턴 혼조,혼조,2025년 역대 최대 실적 달성 및 AI/글로벌 성장 전략이라는 실질 호재가 단기 이동평균선 상회와 맞물려 상승 모멘텀을 형성할 가능성이 높습니다.
