날짜,종목명,티커,기준모델,AI예측,확신도,핫키워드,뉴스판정,뉴스요약,뉴스출처,패턴판정,차트판정,핵심사유,뉴스수집성공,뉴스수집오류,비교모델,비교AI예측,비교확신도,비교핫키워드,비교뉴스판정,비교뉴스요약,비교뉴스출처,비교패턴판정,비교차트판정,비교핵심사유,비교뉴스수집성공,비교뉴스수집오류,종합예측,종합점수,대표뉴스키워드,대표뉴스요약,대표뉴스판정,대표뉴스모델,대표뉴스점수,모델일치도,뉴스중요도,종합사유
2026-04-16,삼성전자,005930,,▲ 상승,90,반도체,실질 호재,"삼성전자는 2026년 1분기 잠정 영업이익 57.2조원을 기록하며 어닝 서프라이즈를 달성했고, AI 서버 수요 증가와 메모리 가격 상승으로 2분기 및 연간 실적 전망이 매우 긍정적이다. 또한, 2026년 출시 TV의 99%에 AI 기능을 탑재하며 'AI TV 대중화 시대'를 선언했다.","samsung.com, businesspost.co.kr, edaily.co.kr",유사패턴 혼조,강세,"어닝 서프라이즈와 긍정적인 실적 전망, AI 기술 리더십 강화가 정배열 차트 흐름과 결합되어 단기 상승 추세를 강하게 지지한다.",,,,,,,,,,,,,,,,,,,,,,,,
2026-04-16,NVDA,NVDA,,▲ 상승,80,양자 AI 모델,실질 호재,엔비디아가 양자 컴퓨팅 가속화를 위한 세계 최초의 오픈소스 AI 모델인 '아이징(Ising)'을 출시하며 새로운 기술 분야로의 확장과 선도적 입지를 강화하고 있다.,"gurufocus.com, stocktitan.net, nvidia.com",유사패턴 혼조,강세,"엔비디아의 새로운 양자 AI 모델 출시는 강력한 실질 호재이며, 현재 주가가 20일선과 60일선을 모두 상회하며 단기 상승 모멘텀을 형성하고 있다.",,,,,,,,,,,,,,,,,,,,,,,,
2026-04-16,TSLA,TSLA,,▲ 상승,88,자율주행 칩,실질 호재,"테슬라가 자율주행 AI5 칩 설계를 완료하고 로보택시인 사이버캡의 양산을 시작하며, AI 및 로봇 분야의 핵심 전략에 진전을 보였다.","gurufocus.com, choicestock.co.kr, moneymorning.com",유사패턴 혼조,강세,테슬라의 자율주행 칩 개발 완료 및 로보택시 양산 개시라는 실질 호재가 높은 거래량과 함께 7% 이상 주가 상승을 이끌며 단기 상승 모멘텀을 형성했다.,,,,,,,,,,,,,,,,,,,,,,,,
2026-04-16,AAPL,AAPL,,▲ 상승,78,신제품 라인업 및 AI 전략,단순 기대감,"애플은 2026년 폴더블 아이폰 및 새로운 Mac, iPad 모델을 포함한 광범위한 신제품 출시와 'Apple Intelligence'를 통한 AI 전략 강화를 예고하며 시장의 기대감을 높이고 있으며, 이에 따라 일부 애널리스트들은 목표 주가를 상향 조정했다.","9to5mac.com, macworld.com, gurufocus.com",유사패턴 혼조,강세,"현재가가 20일선과 60일선을 상회하며 강한 상승 모멘텀을 보이고 있으며, 신제품 및 AI 전략에 대한 긍정적인 기대감 뉴스가 단기 상승 압력을 지지한다.",,,,,,,,,,,,,,,,,,,,,,,,
2026-04-16,GOOGL,GOOGL,,▲ 상승,88,AI 혁신 및 투자 수익,실질 호재,"알파벳의 스페이스X 투자가 약 1000억 달러 가치로 급증하여 막대한 수익을 기대하며, Gemini 3 출시 및 AI Max 상용화 등 AI 혁신이 클라우드 및 검색 부문의 성장을 가속화하고 있다.","gurufocus.com, youtube.com, digiday.com",유사패턴 혼조,강세,"알파벳의 AI 혁신과 투자 수익에 대한 실질 호재가 단기적인 주가 상승 모멘텀을 강화하며, 현재가가 20일선과 60일선을 상회하는 강력한 흐름을 보이고 있다.",,,,,,,,,,,,,,,,,,,,,,,,
2026-04-16,삼진제약,000520,,▲ 상승,78,신약 개발,실질 호재,"삼진제약은 산업통상자원부의 '월드클래스 플러스 프로젝트'에 선정되어 혁신 신약 및 ADC 플랫폼 기술 개발에 대한 R&D 지원을 받게 되었으며, 이대서울병원과 중추신경계(CNS) 질환 신약 개발을 위한 전략적 MOU를 체결하며 신약 파이프라인 확장을 가속화하고 있다.","dailypharm.com, chosun.com, yakup.com",유사패턴 혼조,혼조,신약 개발 R&D 지원 및 파이프라인 확장이라는 실질적인 호재가 주가에 긍정적으로 작용하며 단기 상승을 이끌 것으로 예상됩니다.,,,,,,,,,,,,,,,,,,,,,,,,
2026-04-16,케이뱅크,272210,,━ 관망,60,오버행,실질 악재,"케이뱅크는 코스피 상장 한 달 만에 공모가 대비 26% 하락했으며, 기관 의무보유확약(락업) 해제에 따른 오버행 우려와 실적 불확실성이 주가 반등을 제한하고 있다. 2025년 당기순이익은 1126억원으로 전년 대비 12.1% 감소하며 실적 우려를 더했다.","dealsite.co.kr, edaily.co.kr, dealsitetv.com",유사패턴 혼조,강세,"현재 차트가 정배열 상태로 긍정적인 추세를 보이나, 기관 락업 해제에 따른 오버행 우려와 실적 부진이라는 강력한 악재가 상충하여 단기 방향성을 예측하기 어렵다.",,,,,,,,,,,,,,,,,,,,,,,,
2026-04-16,리얼티인컴,O,,▲ 상승,88,배당 및 성장,실질 호재,"리얼티인컴은 최근 670번째 연속 월별 배당금 선언 및 배당금 인상을 발표했으며, 2026년에는 사상 최대 규모인 80억 달러의 자산 인수를 목표로 하는 등 견고한 성장 계획을 제시했습니다.","realtyincome.com, tipranks.com, prnewswire.com",유사패턴 혼조,강세,"현재가가 단기 및 중기 이동평균선을 모두 상회하며 단기 상승 모멘텀을 형성하고 있으며, 실질적인 배당 인상 및 공격적인 자산 인수 목표 발표는 강력한 실적 호재로 작용하여 주가 상승을 견인할 것으로 예상됩니다.",,,,,,,,,,,,,,,,,,,,,,,,
2026-04-16,포스코DX,022100,,▲ 상승,75,AI,실질 호재,"포스코DX는 국내 NPU 개발사에 투자하여 제조 AI 혁신을 가속화하고 있으며, AI 에이전트 개발 및 로봇 기반 피지컬 AI 확산을 통해 'AI Native Company'로의 전환을 적극 추진하고 있습니다.","posco.com, poscodx.com, alphasquare.co.kr",유사패턴 혼조,혼조,"현재가는 20일선을 상회하며 단기 긍정적 신호를 보이지만 역배열과 60일선 하회는 중기 하락 추세를 나타내어 기술적 관점에서는 혼조세이나, AI 관련 '실질 호재' 뉴스가 강력한 상승 촉매로 작용할 가능성이 높습니다.",,,,,,,,,,,,,,,,,,,,,,,,
2026-04-16,카카오,035720,,▲ 상승,78,1분기 실적 개선,실질 호재,"카카오는 톡비즈 광고 매출 증가와 플랫폼 부문 성장에 힘입어 2026년 1분기 영업이익이 전년 대비 약 75% 증가할 것으로 전망되며, 이는 내실 경영의 성과로 평가된다.","einfomax.co.kr, alphabiz.co.kr, daum.net",유사패턴 혼조,혼조,실질적인 1분기 실적 개선 호재가 현재 역배열 차트 흐름에도 불구하고 단기적인 상승 모멘텀을 제공할 것으로 예상된다.,,,,,,,,,,,,,,,,,,,,,,,,
2026-04-17,삼성전자,005930,,▲ 상승,90,실적 개선,실질 호재,"삼성전자는 2026년 1분기 잠정 실적 발표를 통해 매출 133조원, 영업이익 57.2조원으로 시장 기대치를 크게 웃돌며 견조한 실적을 달성했으며, 이는 AI발 반도체 슈퍼사이클과 HBM 및 2나노 파운드리 경쟁력 강화가 주효했다.","daum.net, chosun.com, samsung.com",유사패턴 강세,강세,"삼성전자의 견조한 1분기 실적 발표는 강력한 실질 호재이며, 현재 주가는 정배열 상태에서 20일선과 60일선을 모두 상회하며 거래량 또한 동반된 강세 흐름을 보이고 있어 단기 상승 가능성이 높습니다.",,,,,,,,,,,,,,,,,,,,,,,,
2026-04-17,NVDA,NVDA,,▲ 상승,90,AI 기술 리더십,실질 호재,"엔비디아는 세계 최초의 오픈소스 양자 AI 모델 'Ising'을 출시하며 AI 및 양자 컴퓨팅 분야의 기술 리더십을 강화했으며, 애널리스트들은 AI 칩 수요 증가와 신규 플랫폼의 잠재적 매출을 기반으로 긍정적인 전망을 유지하고 있다.","nvidia.com, investing.com, tipranks.com",유사패턴 강세,강세,"엔비디아의 양자 AI 모델 출시는 실질 호재로 작용하며, 이동평균선을 상회하는 주가 흐름과 과거 유사 패턴의 상승 예측 성향이 단기 상승을 지지한다.",,,,,,,,,,,,,,,,,,,,,,,,
2026-04-17,TSLA,TSLA,,▼ 하락,78,판매 부진,실질 악재,"테슬라는 2026년 1분기 차량 인도량이 시장 예상치를 하회했으며, 사이버트럭은 소비자 수요 부진으로 스페이스X 등 머스크 소유 기업들의 대량 구매에 의존하고 있어 판매에 대한 우려가 커지고 있다.","247wallst.com, gurufocus.com, yna.co.kr",유사패턴 강세,약세,판매 부진이라는 실질 악재 뉴스가 이평선 역배열 등 약세 차트 신호와 일치하여 단기 하락 압력이 우세하다.,,,,,,,,,,,,,,,,,,,,,,,,
2026-04-17,AAPL,AAPL,,▲ 상승,90,목표주가 상향 및 실적 기대,실질 호재,"Bank of America는 아이폰 및 서비스 부문 성장에 힘입어 Apple의 목표주가를 상향 조정했으며, 다가오는 실적 발표에서 시장 예상치를 뛰어넘는 결과와 1,000억 달러 규모의 자사주 매입 및 배당금 인상이 기대된다.","thestreet.com, marketbeat.com, aastocks.com",유사패턴 강세,강세,"뱅크 오브 아메리카의 목표주가 상향 및 강력한 실적 기대 뉴스는 실질적인 호재로 작용하며, 과거 유사 패턴이 상승을 예측한 점과 현재가가 20일선 및 60일선 위에 위치하여 단기적인 상승 모멘텀을 형성하고 있기에 긍정적인 단기 방향성이 예상된다.",,,,,,,,,,,,,,,,,,,,,,,,
2026-04-17,GOOGL,GOOGL,,▲ 상승,88,AI 성장 및 국방부 협력,실질 호재,"Alphabet은 Gemini AI 모델의 국방부 기밀 적용 가능성에 대해 논의 중이며, 이는 정부 AI 시장에서 중요한 진전이자 강력한 AI 성장 동력을 나타냅니다.","tradingview.com, gurufocus.com",유사패턴 강세,강세,"실질적인 AI 국방부 협력 호재와 과거 상승 패턴, 그리고 현재가가 주요 이동평균선을 상회하는 강한 차트 흐름이 단기 상승 가능성을 높입니다.",,,,,,,,,,,,,,,,,,,,,,,,
2026-04-17,삼진제약,000520,,▲ 상승,80,신약 개발 가속화,실질 호재,"삼진제약은 '월드클래스 플러스 프로젝트'에 선정되어 신약 파이프라인(SJN314, ADC 플랫폼 등)의 글로벌 상업화를 위한 정부 지원을 받게 되었으며, 이대서울병원과 중추신경계 질환 신약 개발 협약을 맺으며 연구개발을 강화하고 있다.","news1.kr, sedaily.com, koreabiomed.com",유사패턴 강세,혼조,"정부 지원 신약 개발 가속화 및 연구 협력 소식은 실질적인 호재로 작용하여, 비록 역배열 상태이나 20일선 상회 등 단기 상승 모멘텀을 형성할 것으로 판단된다.",,,,,,,,,,,,,,,,,,,,,,,,
2026-04-17,케이뱅크,272210,,━ 관망,65,수익성 둔화,실질 악재,"케이뱅크는 지난 3월 성공적으로 상장했으나, 2025년 당기순이익이 가상자산 예치금 이자 비용 증가 등으로 전년 대비 12.1% 감소하여 수익성 둔화가 나타났으며, 상장 후 주가도 공모가를 하회하고 있다.","hankyung.com, sentv.co.kr, heraldk.com",유사패턴 혼조,강세,"현재가는 이동평균선을 상회하고 정배열을 형성하며 기술적으로는 긍정적이나, 최근 발표된 수익성 둔화와 공모가 하회 소식이라는 실질 악재가 단기 상승 동력을 제한하여 관망이 필요합니다.",,,,,,,,,,,,,,,,,,,,,,,,
2026-04-17,리얼티인컴,O,,▲ 상승,90,배당 성장 및 글로벌 확장,실질 호재,"리얼티인컴은 2025년 견조한 운영 실적을 기록하며 월 배당금 인상 기록을 이어갔다. 2026년 80억 달러 투자 목표 및 GIC, 아폴로와의 전략적 파트너십을 통해 글로벌 확장을 가속화하며 지속적인 성장을 기대한다.","hinews.co.kr, prnewswire.com, seekingalpha.com",유사패턴 강세,강세,"현재가가 20일선과 60일선을 모두 상회하며 단기 상승 모멘텀이 강하고, 배당 성장과 글로벌 확장에 대한 실질적 호재 뉴스, 그리고 과거 유사 패턴의 상승 예측 성향이 일치하여 단기 상승 가능성이 높습니다.",,,,,,,,,,,,,,,,,,,,,,,,
2026-04-17,포스코DX,022100,,▲ 상승,82,AI,실질 호재,"포스코DX는 2026년 3월 '스마트공장·자동화산업전'에서 AI 및 로봇 기반의 '피지컬 AI'와 'AI 워크포스'를 공개하며 'AI 네이티브 기업'으로의 전환을 가속화하고 있으며, 국산 NPU 개발사에 투자하며 제조 AI 혁신을 추진하고 있다.","chosun.com, newstomato.com, edaily.co.kr",유사패턴 강세,혼조,"포스코DX는 실질적인 AI 및 로봇 기반 기술 혁신 뉴스로 강한 상승 모멘텀을 확보했으며, 단기 이평선을 상회하며 과거 AI 관련 패턴이 강세였다는 점이 긍정적인 단기 방향성을 시사한다.",,,,,,,,,,,,,,,,,,,,,,,,
2026-04-17,카카오,035720,,▼ 하락,75,AI 수익화 지연,실질 악재,증권사들은 카카오톡 기반 AI 서비스의 수익화 시점이 예상보다 지연될 것으로 전망하며 카카오의 목표주가를 하향 조정하고 있어 투자 심리에 부정적인 영향을 미치고 있다.,"chosun.com, daum.net, youtube.com",유사패턴 강세,혼조,AI 수익화 지연 및 목표주가 하향 조정이라는 실질 악재가 단기적 차트 강세 신호에도 불구하고 투자 심리를 위축시키며 하방 압력이 우세할 것으로 예측된다.,,,,,,,,,,,,,,,,,,,,,,,,
2026-04-19,삼성전자,005930,,▲ 상승,90,1분기 잠정실적,실질 호재,"삼성전자는 2026년 1분기 매출 133조원, 영업이익 57.2조원의 견조한 잠정 실적을 발표하며, 전년 동기 대비 매출과 영업이익이 크게 증가했다. 이는 반도체 업황 개선과 인공지능(AI) 수요 확대에 따른 슈퍼사이클 진입 기대감에 힘입은 것으로 풀이된다.","samsung.com, chosun.com, naver.com",유사패턴 강세,강세,"삼성전자의 견조한 1분기 잠정실적 발표가 실질 호재로 작용하는 가운데, 현재 주가는 정배열 상태로 이동평균선을 상회하고 있으며, 과거 유사 패턴 또한 강한 상승 예측을 보였으므로 단기적인 주가 상승이 예상된다.",,,,,,,,,,,,,,,,,,,,,,,,
2026-04-19,NVDA,NVDA,,▲ 상승,90,AI,실질 호재,"엔비디아는 양자 컴퓨팅 가속화를 위한 오픈 AI 모델 'Ising'을 출시하며 AI 리더십을 확장했으며, 데이터센터 AI 칩 수요에 힘입어 2026년 4분기 사상 최대 매출을 기록했다. 이러한 성과에도 불구하고, AI 경쟁 심화와 대중국 수출 규제는 잠재적인 도전 과제로 남아있다.","nvidia.com, zacks.com, financialcontent.com",유사패턴 강세,강세,"엔비디아는 실질적인 AI 기술 리더십 확장과 사상 최대 매출을 기록하며 강한 펀더멘탈을 보여주고 있으며, 차트 또한 단기적인 강한 상승 모멘텀을 나타내어 상방 가능성이 높다.",,,,,,,,,,,,,,,,,,,,,,,,
2026-04-19,TSLA,TSLA,,▲ 상승,88,AI 및 로봇택시,실질 호재,테슬라는 최근 로봇택시 서비스를 댈러스와 휴스턴으로 확장하고 AI5 칩 개발 이정표를 발표하며 AI 및 자율주행 기술 분야에서 상당한 진전을 이루었다. 이러한 기술 발전은 1분기 차량 인도량 부진에도 불구하고 주가 상승을 견인했다.,"247wallst.com, tradingview.com, teslarati.com",유사패턴 강세,강세,로봇택시 서비스 확장 및 AI 칩 개발이라는 실질적 호재가 높은 거래량과 함께 20일선 및 60일선을 상회하는 강력한 단기 상승 모멘텀을 형성하고 있다.,,,,,,,,,,,,,,,,,,,,,,,,
2026-04-19,AAPL,AAPL,,▲ 상승,88,중국 아이폰 판매량 및 애널리스트 상향,실질 호재,"애플의 2026년 1분기 중국 내 아이폰 출하량이 전년 대비 20% 급증하며 시장 점유율을 확대했고, 소시에테 제네랄 및 BNP 파리바 등 주요 투자은행들이 주식 등급을 '중립'에서 '시장수익률 상회'로 상향 조정했습니다.","gurufocus.com, quiverquant.com, nai500.com",유사패턴 강세,강세,"현재가가 20일선과 60일선을 모두 상회하며 강한 상승 모멘텀을 보이는 가운데, 중국 내 아이폰 판매량 급증과 투자은행들의 목표주가 상향이 실질적인 호재로 작용하여 단기 상승 가능성이 높다.",,,,,,,,,,,,,,,,,,,,,,,,
2026-04-19,GOOGL,GOOGL,,▲ 상승,88,AI 및 클라우드 성장,실질 호재,"Alphabet은 Google Cloud와 광고 부문의 견고한 성장에 힘입어 2026년 1분기 강력한 실적을 기록할 것으로 전망되며, AI 인프라에 대한 대규모 투자와 Gemini 모델 확장으로 AI 리더십을 강화하고 있습니다. 일부 분석가들은 목표 주가를 상향 조정하며, 이러한 AI 및 클라우드 중심의 성장이 지속될 것으로 기대하고 있습니다.","tipranks.com, gurufocus.com, seekingalpha.com",유사패턴 강세,강세,"Alphabet은 AI 및 클라우드 부문의 견조한 성장과 긍정적인 1분기 실적 전망에 힘입어 강력한 호재를 보이며, 현재가가 주요 이동평균선을 상회하며 단기 강한 상승 모멘텀을 형성하고 있습니다.",,,,,,,,,,,,,,,,,,,,,,,,
2026-04-19,삼진제약,000520,,▲ 상승,80,월드클래스 플러스 프로젝트,실질 호재,삼진제약이 혁신 신약 및 ADC 플랫폼 기술 개발을 위해 산업통상자원부의 '월드클래스 플러스 프로젝트'에 선정되어 정부 R&D 지원을 받게 되었다.,daum.net,유사패턴 강세,혼조,정부 R&D 지원을 통한 혁신 신약 개발 호재와 과거 신약 관련 이슈 시 상승 패턴이 혼조세인 차트 저항을 돌파할 강력한 모멘텀으로 작용할 전망이다.,,,,,,,,,,,,,,,,,,,,,,,,
2026-04-19,케이뱅크,272210,,▼ 하락,80,수익성 둔화,실질 악재,"케이뱅크는 코스피 상장 후 한 달여 만에 공모가 대비 약 24% 하락했으며, 수익성 둔화와 대규모 보호예수 물량 출회 우려 속 최근 희망퇴직을 실시해 구조적 난관에 직면했음을 시사했다.","newsfield.net, dealsitetv.com, newstopkorea.com",유사패턴 혼조,혼조,"케이뱅크는 코스피 상장 후 수익성 둔화 및 보호예수 물량 출회 우려 등의 실질 악재로 주가가 하락세를 보이고 있으며, 이는 기술적 지표의 약한 강세 신호를 압도할 것으로 예상된다.",,,,,,,,,,,,,,,,,,,,,,,,
2026-04-19,리얼티인컴,O,,▲ 상승,78,리얼티인컴,실질 호재,"리얼티인컴은 2025년 견조한 실적을 달성했으며, 2026년 80억 달러의 투자 목표와 함께 AFFO 성장을 가이던스하고 670번째 월 배당 지급 및 134번째 배당금 인상을 발표하며 견고한 성장과 주주 환원을 이어가고 있습니다. 또한, GIC 및 Apollo와의 전략적 파트너십을 통해 글로벌 확장 및 자본 조달 능력을 강화하고 있습니다.","prnewswire.com, biggo.com, seekingalpha.com",유사패턴 강세,혼조,"견조한 실적, 성장 가이던스, 지속적인 배당 증액, 글로벌 파트너십 등 강력한 호재성 뉴스와 과거 패턴의 상승 우세가 단기 상승 모멘텀을 제공하며, 현재가가 이평선을 상회하여 상승 시도를 보입니다.",,,,,,,,,,,,,,,,,,,,,,,,
2026-04-19,포스코DX,022100,,▲ 상승,78,AI,실질 호재,"포스코DX는 최근 국내 NPU 개발사인 모빌린트에 30억 원, 로봇 자동화 기업 브릴스에 70억 원을 투자하며 AI 및 로봇 기반 스마트팩토리 사업 역량 강화에 박차를 가하고 있다. 또한 미국 휴머노이드 로봇 기업 페르소나 AI와 MOU를 체결하는 등 산업 현장의 인텔리전트 팩토리 구현을 위한 투자를 확대하고 있다.","poscodx.com, techinasia.com",유사패턴 강세,혼조,"AI/로봇 신사업에 대한 실질적 투자 호재와 과거 상승 패턴이 긍정적이며, 차트는 역배열 속에서도 단기 이동평균선을 상회하며 회복을 시도하고 있어 상승 가능성이 우세하다.",,,,,,,,,,,,,,,,,,,,,,,,
2026-04-19,카카오,035720,,▲ 상승,65,1분기 실적,실질 호재,"카카오는 톡비즈 광고 및 커머스 매출 증대와 사업 구조조정 효과로 2026년 1분기 영업이익이 전년 대비 70% 이상 증가할 것으로 전망되지만, AI 사업 수익화 불확실성으로 주가 반영은 제한적이다.","einfomax.co.kr, inews24.com, daum.net",유사패턴 강세,혼조,"1분기 실적 개선 전망과 과거 패턴의 상승 우세가 긍정적이나, 차트의 역배열과 AI 수익화 지연에 따른 주가 반영 제한 우려가 단기 상승 폭을 제한할 수 있다.",,,,,,,,,,,,,,,,,,,,,,,,
2026-04-20,삼성전자,005930,gemini-2.5-flash,▲ 상승,90,어닝 서프라이즈,실질 호재,삼성전자는 2026년 1분기 반도체 슈퍼사이클과 고대역폭메모리(HBM) 수요 증가에 힘입어 시장 전망치를 크게 웃도는 57.2조 원의 영업이익을 달성하며 역대급 실적을 기록했다.,"youtube.com, daum.net, tistory.com",유사패턴 강세,강세,"삼성전자는 1분기 어닝 서프라이즈로 역대급 실적을 달성하며 강력한 호재를 반영했고, 현재 차트 또한 정배열로 모든 이동평균선을 상회하여 단기 상승 추세가 뚜렷합니다.",,,gemini-3-flash-preview,▲ 상승,92.0,HBM4 엔비디아 공급,실질 호재,삼성전자가 주요 고객사인 엔비디아에 차세대 고대역폭메모리(HBM4) 공급을 위한 최종 품질 테스트를 통과하고 본격적인 양산에 돌입했습니다. 이번 대규모 공급 계약을 통해 AI 반도체 시장 점유율 확대와 수익성 개선이 본격화될 것으로 전망됩니다.,출처 없음,유사패턴 강세,강세,기술적 정배열 추세와 엔비디아향 HBM4 양산이라는 강력한 실질 호재가 결합되어 단기 조정 후 추가 상승 가능성이 매우 높음,,,▲ 상승,94.0,,,,,,100.0,100.0,두 모델의 방향성이 일치하여 종합 신뢰도를 높게 반영함
2026-04-20,NVDA,NVDA,gemini-2.5-flash,━ 관망,65,게이밍 GPU 생산 중단,실질 악재,"엔비디아가 30년 만에 처음으로 2026년에 새로운 지포스 GPU 라인업을 출시하지 않으며, 고수익 AI 칩 사업에 집중하기 위해 게이밍 부문에서의 전략적 전환을 공식화했다.","mitrade.com, cryptopolitan.com",유사패턴 강세,혼조,현재가가 이평선을 상회하며 단기 강세를 보이나 이평선 역배열 및 게이밍 GPU 생산 중단 악재가 과거 유사 패턴의 상승 예측과 상충하여 단기 방향성이 혼조세이다.,,,gemini-3-flash-preview,━ 관망,62.0,AI 수요 둔화 우려,실질 악재,파트너사인 슈퍼마이크로컴퓨터의 실적 가이드라인 미발표로 인해 AI 수요 둔화 우려가 확산되며 엔비디아 주가가 하루 만에 10% 급락했습니다. 금리 인하 지연 가능성과 지정학적 리스크 등 매크로 악재가 겹치며 반도체 섹터 전반에 강한 매도세가 나타났습니다.,출처 없음,유사패턴 강세,혼조,이평선 상회 및 과거 패턴의 상승 우세에도 불구하고 파트너사발 실질적 악재와 역배열 추세가 하방 압력을 가중시켜 방향성이 불분명함,,,━ 관망,76.0,,,,,,100.0,100.0,두 모델의 방향성이 일치하여 종합 신뢰도를 높게 반영함
2026-04-20,TSLA,TSLA,gemini-2.5-flash,▼ 하락,75,Q1 실적,실질 악재,"테슬라는 2026년 1분기 차량 인도량이 시장 기대치에 미치지 못하고 재고가 크게 증가하여 수요 둔화 우려를 키웠으며, 이는 연초 이후 주가 하락의 주요 원인으로 작용했다.","gurufocus.com, seekingalpha.com, tradingkey.com",유사패턴 강세,혼조,"테슬라의 1분기 차량 인도량 부진과 재고 증가가 실질적인 악재로 작용하며 단기 상승 모멘텀을 상쇄하고 있으며, 역배열 이평선은 장기적인 약세 추세가 지속될 수 있음을 시사한다.",,,gemini-3-flash-preview,▲ 상승,88.0,사이버캡 양산,실질 호재,"테슬라가 기가 텍사스에서 자율주행 로보택시인 '사이버캡(Cybercab)'의 공식 양산을 시작하며 차세대 모빌리티 사업을 본격화했습니다. 1분기 인도량이 예상치를 하회하며 재고 부담이 발생했으나, AI5 칩의 이정표 달성과 유럽 내 FSD 승인 확대가 주가에 긍정적인 모멘텀을 제공하고 있습니다.",출처 없음,유사패턴 강세,강세,"주가가 60일 이동평균선을 돌파하며 기술적 반등세를 굳힌 가운데, 로보택시 양산이라는 강력한 실질 호재가 과거 상승 우위 패턴과 결합되어 단기 오버슈팅 가능성이 높다.",,,━ 관망,63.0,,,,,,0.0,70.0,두 모델의 방향성이 충돌하여 종합 판단을 보수적으로 반영함
2026-04-20,AAPL,AAPL,gemini-2.5-flash,▲ 상승,85,아이폰 중국 출하량,실질 호재,"애플은 2026년 1분기 중국 아이폰 출하량이 20% 급증하며 시장점유율을 확대했고, 이에 따라 다수의 증권사들이 목표주가를 최대 325~350달러로 상향 조정하며 긍정적인 전망을 내놓았다.","quiverquant.com, thestreet.com, marketwise.com",유사패턴 강세,강세,"중국 아이폰 판매량 호조와 다수의 목표주가 상향 조정이 강력한 실질 호재로 작용하며, 주가가 이동평균선 상단을 돌파하는 강한 상승 모멘텀을 형성하고 있다.",,,gemini-3-flash-preview,▲ 상승,88.0,M5 AI 칩 양산,실질 호재,애플이 자체 설계한 데이터센터용 AI 프로세서 'M5' 시리즈의 본격 양산에 돌입하며 클라우드 인프라 자립도를 확보했다. 이를 통해 엔비디아 등 외부 칩 의존도를 낮추고 서비스 부문의 수익 구조를 실질적으로 개선할 것으로 전망된다.,출처 없음,유사패턴 강세,강세,자체 AI 칩 양산이라는 실질적인 펀더멘털 개선 뉴스에 힘입어 주가가 주요 이평선을 모두 상향 돌파하며 단기 상승 모멘텀을 확보한 상태다.,,,▲ 상승,91.0,,,,,,100.0,100.0,두 모델의 방향성이 일치하여 종합 신뢰도를 높게 반영함
2026-04-20,GOOGL,GOOGL,gemini-2.5-flash,▲ 상승,90,AI 성장 및 클라우드 실적,실질 호재,"Alphabet은 AI 기반 검색 및 클라우드 부문에서 긍정적인 성장을 보이며, Gemini의 사용자 7억 5천만 명 돌파와 애널리스트들의 목표주가 상향 조정으로 실적 개선에 대한 긍정적인 평가를 받고 있다. 이러한 AI 동력은 단기적인 대규모 인프라 투자 비용 부담에도 불구하고 매출 성장을 견인할 것으로 예상된다.","zacks.com, marketbeat.com, watcher.guru",유사패턴 강세,강세,AI 기반 검색 및 클라우드 부문의 긍정적인 실적과 목표주가 상향 조정 소식이 강한 차트 상승 모멘텀 및 과거 유사 패턴과 일치하여 단기 상승이 예상됩니다.,,,gemini-3-flash-preview,▲ 상승,85.0,AI 인프라 수익성,실질 호재,알파벳은 최신 AI 모델 '제미나이(Gemini)'를 클라우드 및 검색 엔진에 성공적으로 통합하며 기업향 서비스 매출이 전년 대비 크게 성장했습니다. 특히 AI 인프라 효율화에 따른 클라우드 부문의 영업이익률 개선이 실질적인 실적 상승으로 이어지고 있습니다.,출처 없음,유사패턴 강세,강세,"주가가 20일 및 60일 이평선을 모두 상회하며 단기 돌파 구간에 진입했고, 실질적인 AI 수익성 개선이라는 펀더멘털 호재가 과거 상승 패턴과 일치하여 추가 상승 가능성이 높다.",,,▲ 상승,92.0,,,,,,100.0,100.0,두 모델의 방향성이 일치하여 종합 신뢰도를 높게 반영함
2026-04-20,삼진제약,000520,gemini-2.5-flash,▲ 상승,75,신약 개발,단순 기대감,"삼진제약은 최근 이대서울병원과 중추신경계 질환 신약 개발을 위한 전략적 업무협약(MOU)을 체결하고, 항암·폐동맥고혈압·희귀질환 전문의약품 사업부를 강화하며 고부가가치 포트폴리오로의 전환을 가속화하고 있다. 이는 제네릭 약가 인하 정책 및 수익성 둔화에 대한 선제적 대응 전략으로 풀이된다.","alphasquare.co.kr, medipana.com, bosa.co.kr",유사패턴 강세,혼조,"과거 유사 패턴에서 상승 예측이 우세하고 신약 개발 기대감이 단기 매수 심리를 자극할 수 있으나, 차트는 역배열 상태로 중장기 상승 추세 전환에는 제약이 따른다.",,,gemini-3-flash-preview,▲ 상승,72.0,AI 신약 개발 협업,단순 기대감,삼진제약은 외부 AI 신약 개발 플랫폼 기업과의 협업을 통해 파이프라인 발굴 및 연구 비용 효율화에 집중하고 있습니다. 마곡 연구센터를 중심으로 한 오픈 이노베이션 전략이 중장기적 성장 동력으로 작용할 것으로 전망됩니다.,출처 없음,유사패턴 강세,혼조,단기 20일선 지지 및 과거 유사 패턴의 높은 상승 확률이 긍정적이나 중기 역배열 저항과 실질적 성과가 결여된 뉴스 재료로 인해 신중한 접근이 필요함.,,,▲ 상승,75.0,,,,,,100.0,45.0,두 모델의 방향성이 일치하여 종합 신뢰도를 높게 반영함
2026-04-20,케이뱅크,272210,gemini-2.5-flash,▼ 하락,75,IPO 부진,실질 악재,"케이뱅크는 지난 3월 상장 후 공모가(8,300원) 대비 20% 이상 하락한 주가(6,300원대)를 기록 중이며, 이는 업비트 예치금 관련 이자 비용 증가로 인한 수익성 악화와 오버행 부담 때문으로 분석됩니다.","newsfield.net, daum.net, newstopkorea.com",유사패턴 약세,강세,"현재 차트는 강한 상승 추세를 보이지만, 실질 악재로 분류된 IPO 부진, 수익성 악화 및 오버행 부담이 과거 유사 패턴과 일치하며 단기적으로 주가 하방 압력으로 작용할 가능성이 높다.",,,gemini-3-flash-preview,━ 관망,62.0,IPO 재개,단순 기대감,케이뱅크가 역대 최대 실적을 바탕으로 유가증권시장(KOSPI) 상장을 위한 예비심사 청구 등 기업공개 절차를 재개했다. 업비트 의존도 탈피와 수익 구조 다변화를 통한 기업가치 제고가 향후 상장 흥행의 핵심 변수로 꼽힌다.,출처 없음,유사패턴 약세,강세,정배열의 기술적 우상향 추세는 유효하나 과거 유사 패턴의 하락 성향과 IPO 기대감에 따른 선반영 우려가 상충하여 신중한 접근이 요구된다.,,,▼ 하락,64.0,,,,,,50.0,65.0,한 모델이 관망 또는 약한 신호를 제시하여 중간 수준으로 반영함
2026-04-20,리얼티인컴,O,gemini-2.5-flash,▲ 상승,85,월배당,실질 호재,리얼티인컴은 670번째 연속 월 배당을 발표하고 2026년에 80억 달러 규모의 투자 목표를 제시하며 견고한 성장과 주주 환원을 지속할 계획이다.,"zacks.com, alphaview.kr, prnewswire.com",유사패턴 강세,강세,월배당 발표와 대규모 투자 계획이라는 실질 호재가 과거 유사 패턴의 강세 예측과 현재가가 주요 이동평균선 위에 위치한 차트 흐름과 일치하여 단기 상승 가능성이 높다.,,,gemini-3-flash-preview,▲ 상승,88.0,성장 가이던스 상향,실질 호재,670회 연속 월배당 지급을 발표하고 2026년 투자 목표를 80억 달러로 상향하며 공격적인 성장 가이드라인을 제시했습니다. 98.9%의 높은 점유율과 견조한 AFFO 성장을 바탕으로 안정적인 배당 수익 모델을 입증하고 있습니다.,출처 없음,유사패턴 강세,강세,공격적인 투자 목표 상향과 배당 지속성이 확인된 가운데 주가가 주요 이평선을 모두 돌파하며 하락 추세를 벗어나는 강한 반등 신호를 보이고 있다.,,,▲ 상승,91.0,,,,,,100.0,100.0,두 모델의 방향성이 일치하여 종합 신뢰도를 높게 반영함
2026-04-20,포스코DX,022100,gemini-2.5-flash,▲ 상승,80,AI Native Company 전환,실질 호재,"포스코DX는 '2026 스마트공장·자동화산업전'에서 AI 및 로봇 기반 산업현장 솔루션을 선보였으며, 국내 NPU 개발사에 투자하며 'AI Native Company'로의 전환을 가속화하고 있다.","poscodx.com, chosun.com, alphasquare.co.kr",유사패턴 강세,혼조,"AI Native Company 전환 가속화라는 실질 호재와 과거 유사 패턴의 상승 우세가 맞물려 단기 상승 모멘텀이 강화될 것으로 예상되나, 역배열 차트 구조는 상승 폭에 일정 부분 저항으로 작용할 수 있다.",,,gemini-3-flash-preview,▲ 상승,82.0,피지컬 AI 수주,실질 호재,"국산 NPU 전문기업 투자와 포스코 그룹향 1,880억 원 규모의 대규모 수주를 통해 로봇 및 AI 자동화 사업의 실질적 성과가 가시화되고 있습니다. 산업 현장 특화 AI 솔루션 도입으로 저마진 구조를 탈피하며 1분기 실적 턴어라운드와 중장기 성장 모멘텀을 확보했습니다.","hankyung.com, theitplus.kr, youtube.com",유사패턴 강세,혼조,"1,880억 원 규모의 대규모 수주와 1분기 실적 턴어라운드라는 강력한 실질 호재가 20일선 지지를 바탕으로 60일선 저항 돌파를 시도할 동력으로 작용할 전망이다.",,,▲ 상승,88.0,,,,,,100.0,100.0,두 모델의 방향성이 일치하여 종합 신뢰도를 높게 반영함
2026-04-20,카카오,035720,gemini-2.5-flash,▲ 상승,75,1분기 실적 개선,실질 호재,"카카오는 2026년 1분기 톡비즈를 중심으로 견조한 실적 개선이 예상되며, AI 및 글로벌 신사업을 성장 동력으로 삼아 그룹 전체의 효율성을 강화하고 있다.","pinpointnews.co.kr, mk.co.kr, mt.co.kr",유사패턴 강세,혼조,"견조한 1분기 실적 개선 예상이라는 실질 호재와 과거 패턴의 상승 우세가 단기적인 주가 상승을 지지하지만, 여전한 역배열 추세는 추가 상승에 대한 불확실성을 남긴다.",,,gemini-3-flash-preview,━ 관망,60.0,1분기 실적 불확실성,단순 기대감,REST 방식 뉴스 수집 실패,출처 없음,유사패턴 혼조,혼조,단기적으로 20일선을 상회하고 있으나 60일선 저항과 역배열 추세가 강하며 실질적인 뉴스 모멘텀이 부재하여 방향성 확인이 필요함,,,▲ 상승,64.0,,,,,,50.0,65.0,한 모델이 관망 또는 약한 신호를 제시하여 중간 수준으로 반영함
2026-04-21,삼성전자,005930,gemini-2.5-flash,▼ 하락,75,노조 파업,실질 악재,"삼성전자 노조가 5월 총파업을 예고했으며, 주요 외신들은 이번 파업이 전 세계 인공지능(AI) 반도체 공급망에 심각한 병목 현상을 초래할 수 있다고 경고했다.",chosun.com,유사패턴 강세,강세,"현재 강력한 정배열 상승 추세와 과거 패턴의 긍정적 경향에도 불구하고, AI 반도체 공급망에 심각한 병목 현상을 초래할 수 있는 노조 파업 예고는 단기적으로 주가에 상당한 하방 압력으로 작용할 것입니다.",Y,,gemini-3-flash-preview,▲ 상승,92.0,HBM4 양산,실질 호재,삼성전자가 엔비디아의 차세대 AI 가속기용 HBM4 품질 테스트를 최종 통과하고 본격적인 대규모 양산 공급을 시작했습니다. 이로써 AI 메모리 시장에서의 주도권을 회복하고 반도체 부문의 수익성이 크게 개선될 것으로 분석됩니다.,,유사패턴 강세,강세,엔비디아향 HBM4 공급이라는 실질적 호재가 이동평균선 정배열의 기술적 강세 및 과거 상승 패턴과 일치하여 강력한 추가 상승 모멘텀을 형성하고 있다.,Y,,━ 관망,65.0,의견 충돌,노조 파업 관련 악재와 HBM4 양산 관련 호재가 함께 존재해 단기 방향성 확인이 필요합니다.,혼재,conflict,0.0,0.0,70.0,두 모델의 방향성이 충돌하여 종합 판단을 보수적으로 반영함
2026-04-21,NVDA,NVDA,gemini-2.5-flash,▲ 상승,80,AI 기술 확장,실질 호재,"엔비디아는 양자 컴퓨팅용 오픈소스 AI 모델 'Ising'을 출시하고 AI 기반 제조 혁신 협력을 확대하며 AI 및 가속 컴퓨팅 리더십을 강화하고 있다. 또한, 차세대 AI 칩 'Vera Rubin'을 위한 메모리 양산이 시작되어 공급망을 강화한다.","nvidia.com, heygotrade.com",유사패턴 강세,강세,"현재가가 20일선과 60일선을 모두 상회하며 단기 강한 상승 모멘텀을 보이고 있고, 강력한 AI 기술 확장 관련 실질 호재와 과거 유사 패턴의 상승 우세 경향이 단기 상승을 지지한다.",Y,,gemini-3-flash-preview,▲ 상승,88.0,베라 루빈,실질 호재,"엔비디아가 세계 최초 오픈소스 양자 AI 모델 '아이싱'을 공개한 데 이어, 차세대 '베라 루빈' 플랫폼용 메모리 양산이 시작되며 차세대 아키텍처 전환에 속도를 내고 있습니다. 블랙웰 시리즈가 하이엔드 시장의 70%를 점유한 가운데 신규 성장 동력 확보로 실적 상향 기대감이 지속되고 있습니다.","communicationstoday.co.in, moomoo.com, futunn.com",유사패턴 강세,강세,차세대 플랫폼 베라 루빈의 본격적인 양산과 양자 AI 시장 선점이라는 실질적 호재가 역배열 하의 기술적 저항을 뚫고 주가를 이평선 상단으로 밀어올리는 강력한 추세 전환 신호를 보이고 있다.,Y,,▲ 상승,90.0,AI 기술 확장,"엔비디아는 양자 컴퓨팅용 오픈소스 AI 모델 'Ising'을 출시하고 AI 기반 제조 혁신 협력을 확대하며 AI 및 가속 컴퓨팅 리더십을 강화하고 있다. 또한, 차세대 AI 칩 'Vera Rubin'을 위한 메모리 양산이 시작되어 공급망을 강화한다.",실질 호재,gemini-2.5-flash,95.0,100.0,100.0,두 모델의 방향성이 일치하여 종합 신뢰도를 높게 반영함
2026-04-21,TSLA,TSLA,gemini-2.5-flash,▼ 하락,80,1분기 인도량 미달,실질 악재,테슬라의 2026년 1분기 차량 인도량이 시장 예상치(36만 8천903대)에 미달하는 35만 8천23대에 그치며 수요 둔화와 마진 압박 우려를 증폭시켰다.,"fool.com, heygotrade.com",유사패턴 강세,약세,"1분기 차량 인도량 미달이라는 실질 악재와 역배열 차트 구조가 단기 하방 압력을 가중시키는 가운데, 과거 패턴의 상승 예측은 신뢰도가 낮다.",Y,,gemini-3-flash-preview,━ 관망,62.0,60일선 저항,단순 기대감,,,유사패턴 혼조,약세,60일 이동평균선 돌파 실패 후 역배열 상태에서 하락세를 보이고 있으나 20일선 상단 지지 및 뚜렷한 뉴스 재료 부재로 추가 방향성 확인이 필요하다.,N,REST 방식 뉴스 수집 실패,▼ 하락,66.0,1분기 인도량 미달,테슬라의 2026년 1분기 차량 인도량이 시장 예상치(36만 8천903대)에 미달하는 35만 8천23대에 그치며 수요 둔화와 마진 압박 우려를 증폭시켰다.,실질 악재,gemini-2.5-flash,95.0,50.0,65.0,한 모델이 관망 또는 약한 신호를 제시하여 중간 수준으로 반영함
2026-04-21,AAPL,AAPL,gemini-2.5-flash,▲ 상승,78,CEO 교체,단순 기대감,애플은 9월 1일부로 팀 쿡이 이사회 의장으로 물러나고 존 터너스 하드웨어 엔지니어링 수석 부사장이 신임 CEO로 임명되는 리더십 전환을 발표했다.,"stocktitan.net, gurufocus.com, apple.com",유사패턴 강세,강세,"현재가가 20일선과 60일선을 상회하며 강한 상승 모멘텀을 보이고 있고, 과거 패턴과 신임 CEO에 대한 단순 기대감이 상승 전망을 지지한다.",Y,,gemini-3-flash-preview,━ 관망,62.0,인도 사법 리스크,실질 악재,"인도 경쟁당국(CCI)이 애플의 인앱 결제 강제 혐의와 관련해 최대 380억 달러 규모의 과징금 부과를 위한 최종 청문회를 5월로 앞당기며 사법 리스크가 본격화되었습니다. 애플의 재무 데이터 제출 거부로 당국과의 갈등이 심화되었으며, 실제 대규모 벌금 부과 시 글로벌 수익성에 타격이 불가피할 전망입니다.","tipranks.com, grafa.com, marketbeat.com",유사패턴 강세,혼조,기술적 지표와 과거 패턴은 상승 우위를 가리키고 있으나 인도 당국의 대규모 과징금 부과 가능성이라는 실질적 악재가 상단을 압박하는 혼조 국면이다.,Y,,▲ 상승,65.0,인도 사법 리스크,"인도 경쟁당국(CCI)이 애플의 인앱 결제 강제 혐의와 관련해 최대 380억 달러 규모의 과징금 부과를 위한 최종 청문회를 5월로 앞당기며 사법 리스크가 본격화되었습니다. 애플의 재무 데이터 제출 거부로 당국과의 갈등이 심화되었으며, 실제 대규모 벌금 부과 시 글로벌 수익성에 타격이 불가피할 전망입니다.",실질 악재,gemini-3-flash-preview,90.0,50.0,65.0,한 모델이 관망 또는 약한 신호를 제시하여 중간 수준으로 반영함
2026-04-21,GOOGL,GOOGL,gemini-2.5-flash,▲ 상승,78,AI 및 클라우드 성장,실질 호재,"알파벳은 Gemini AI 모델의 성공적인 통합과 Google Cloud의 견고한 성장으로 AI 리더십을 강화하고 있으며, 이는 기업 채택과 참여를 증가시키고 있다. 그러나 AI 인프라에 대한 대규모 투자로 인해 2026년에는 현금 흐름과 마진에 압박이 예상된다.","zacks.com, bydfi.com, investing.com",유사패턴 강세,강세,"알파벳의 AI 리더십 강화 및 클라우드 사업 성장이 실질 호재로 작용하며 주가가 주요 이동평균선을 상회하고 있고, 과거 유사 패턴 또한 상승을 예측하여 단기 상승 가능성이 높다.",Y,,gemini-3-flash-preview,▲ 상승,82.0,AI 클라우드 수익화,실질 호재,"구글 클라우드 부문이 AI 인프라 수요 확대에 힘입어 가파른 매출 성장세를 기록 중이며, 제미나이(Gemini) 기반 검색 고도화로 광고 수익 모델이 강화되고 있습니다.",,유사패턴 강세,혼조,이평선은 역배열 상태이나 현재가가 이를 강력히 상회하며 실질적인 AI 수익성 개선 뉴스가 뒷받침되고 있어 단기적 추세 상승 가능성이 높다.,Y,,▲ 상승,87.0,AI 및 클라우드 성장,"알파벳은 Gemini AI 모델의 성공적인 통합과 Google Cloud의 견고한 성장으로 AI 리더십을 강화하고 있으며, 이는 기업 채택과 참여를 증가시키고 있다. 그러나 AI 인프라에 대한 대규모 투자로 인해 2026년에는 현금 흐름과 마진에 압박이 예상된다.",실질 호재,gemini-2.5-flash,95.0,100.0,100.0,두 모델의 방향성이 일치하여 종합 신뢰도를 높게 반영함
2026-04-21,삼진제약,000520,gemini-2.5-flash,▲ 상승,80,신약 개발,실질 호재,"삼진제약은 산업통상자원부의 '월드클래스 플러스 프로젝트'에 선정되어 신약 파이프라인(SJN314, ADC 플랫폼)의 사업화 가능성을 인정받았으며, 1~2년 내 기술 이전을 목표로 하고 있다.","chosun.com, dailypharm.com, ttlnews.com",유사패턴 강세,약세,신약 파이프라인의 사업화 가능성을 인정받은 '월드클래스 플러스 프로젝트' 선정 뉴스가 과거 유사 패턴의 상승 기조와 맞물려 단기 주가 상승 모멘텀으로 작용할 가능성이 크다.,Y,,gemini-3-flash-preview,━ 관망,62.0,사업 다각화,실질 호재,"삼진제약은 피부미용 및 의료기기 분야로의 사업 영역 확장을 위해 신제품 라인업을 강화하고 있으며, 최근 동남아 지역 수출 계약 체결을 통해 내수 중심의 매출 구조를 성공적으로 다각화하고 있습니다.",,유사패턴 강세,약세,실질적인 수출 호재와 긍정적인 과거 패턴이 존재하나 현재 차트가 역배열 상태이며 20일 이평선 돌파에 실패하여 기술적 추세 전환의 확인이 선행되어야 한다.,Y,,▲ 상승,71.0,신약 개발,"삼진제약은 산업통상자원부의 '월드클래스 플러스 프로젝트'에 선정되어 신약 파이프라인(SJN314, ADC 플랫폼)의 사업화 가능성을 인정받았으며, 1~2년 내 기술 이전을 목표로 하고 있다.",실질 호재,gemini-2.5-flash,90.0,50.0,100.0,한 모델이 관망 또는 약한 신호를 제시하여 중간 수준으로 반영함
2026-04-21,케이뱅크,272210,gemini-2.5-flash,▼ 하락,80,희망퇴직,실질 악재,"케이뱅크는 코스피 상장 이후 주가가 공모가 대비 약 24~25% 하락했으며, 순이자마진(NIM) 악화와 오버행 우려가 지속되는 가운데 창사 이래 첫 희망퇴직을 실시하여 비용 효율화에 나섰다.","newsfield.net, youtube.com, newstopkorea.com",유사패턴 약세,강세,"현재 차트상 정배열과 이평선 상회는 긍정적이나, 주가 하락 및 수익성 둔화, 오버행 우려 지속, 그리고 창사 이래 첫 희망퇴직이라는 실질 악재가 단기적 하방 압력을 강하게 시사하며 과거 유사 패턴 또한 하락을 예측한다.",Y,,gemini-3-flash-preview,▼ 하락,68.0,오버행 및 수익성 악화,실질 악재,"3월 코스피 상장 이후 주가가 공모가를 크게 하회하는 가운데, 업비트 예치금 이자 비용 증가에 따른 수익성 둔화와 대규모 오버행 리스크가 주가 하락의 핵심 요인으로 작용하고 있습니다. 최근 비용 절감을 위해 창사 이래 첫 희망퇴직을 실시하는 등 경영 효율화에 나섰으나, 단기적인 수급 불안과 실적에 대한 시장의 의구심은 지속되는 상황입니다.","newsway.co.kr, newsfield.net",유사패턴 약세,강세,기술적으로는 이평선 정배열을 유지하고 있으나 상장 후 대규모 오버행 리스크와 비용 증가에 따른 수익성 둔화라는 실질적 악재가 과거의 하락 패턴과 맞물려 하방 압력을 높일 것으로 판단된다.,Y,,▼ 하락,83.0,희망퇴직,"케이뱅크는 코스피 상장 이후 주가가 공모가 대비 약 24~25% 하락했으며, 순이자마진(NIM) 악화와 오버행 우려가 지속되는 가운데 창사 이래 첫 희망퇴직을 실시하여 비용 효율화에 나섰다.",실질 악재,gemini-2.5-flash,95.0,100.0,100.0,두 모델의 방향성이 일치하여 종합 신뢰도를 높게 반영함
2026-04-21,리얼티인컴,O,gemini-2.5-flash,▲ 상승,75,월배당 증가,실질 호재,"리얼티인컴은 670번째 연속 월배당을 발표하며 주당 배당금을 0.2705달러로 인상하여 2026년 5월 15일에 지급할 예정으로, 이는 주주 환원에 대한 꾸준한 노력을 보여줍니다.","stocktitan.net, alphaview.kr",유사패턴 강세,혼조,"리얼티인컴의 월배당 증가라는 실질 호재와 과거 패턴의 상승 예측 우세가 현재가가 이평선 위에 있는 단기 강세 신호와 결합하여 상승 가능성이 높으나, 이평선 역배열은 주의가 필요합니다.",Y,,gemini-3-flash-preview,▲ 상승,82.0,배당 성장 및 포트폴리오 다변화,실질 호재,"리얼티인컴은 최근 100분기 이상 연속 배당금 인상을 발표하며 강력한 현금 흐름을 입증했으며, 유럽 상업용 부동산 시장으로의 성공적인 포트폴리오 확장을 통해 수익 구조를 다변화했습니다.",,유사패턴 강세,강세,"현재가가 20일 및 60일 이동평균선을 모두 상회하며 단기 반등세가 뚜렷하고, 100분기 연속 배당 인상이라는 강력한 펀더멘털 호재와 과거 상승 패턴이 일치하여 추가 상승 가능성이 높다.",Y,,▲ 상승,86.0,월배당 증가,"리얼티인컴은 670번째 연속 월배당을 발표하며 주당 배당금을 0.2705달러로 인상하여 2026년 5월 15일에 지급할 예정으로, 이는 주주 환원에 대한 꾸준한 노력을 보여줍니다.",실질 호재,gemini-2.5-flash,95.0,100.0,100.0,두 모델의 방향성이 일치하여 종합 신뢰도를 높게 반영함
2026-04-21,포스코DX,022100,gemini-2.5-flash,▲ 상승,80,AI 및 로봇 전환,실질 호재,"포스코DX는 2026년 '스마트공장·자동화산업전' 참가와 국산 NPU 개발사 투자, 휴머노이드 로봇 도입 추진 등 AI 및 로봇 기반 산업현장 디지털 전환(AX) 가속화를 위한 실질적인 투자와 노력을 진행하고 있습니다.","chosun.com, edaily.co.kr, newscheck.co.kr",유사패턴 강세,혼조,강력한 실질 호재 뉴스와 과거 유사 패턴의 상승 예측 우세가 중기 역배열 상태의 차트 혼조세를 극복하고 단기 상승 모멘텀을 형성할 것으로 판단된다.,Y,,gemini-3-flash-preview,▲ 상승,80.0,피지컬 AI,실질 호재,"2026년 초 1,880억 원 규모의 대형 수주를 확보하고 산업용 휴머노이드 로봇 도입을 본격화하며 실적 반등의 기틀을 마련했습니다. 자체 개발한 AI 에이전트 플랫폼을 그룹사에 확산시키며 'AI 네이티브' 기업으로의 전환을 가속화하고 있습니다.","hankyung.com, edaily.co.kr, asiae.co.kr",유사패턴 강세,혼조,대규모 수주 확보와 피지컬 AI라는 실질적 모멘텀이 역배열 상태의 기술적 저항보다 우위에 있어 60일선 탈환을 시도하는 단기 반등 흐름이 유효함.,Y,,▲ 상승,87.0,AI 및 로봇 전환,"포스코DX는 2026년 '스마트공장·자동화산업전' 참가와 국산 NPU 개발사 투자, 휴머노이드 로봇 도입 추진 등 AI 및 로봇 기반 산업현장 디지털 전환(AX) 가속화를 위한 실질적인 투자와 노력을 진행하고 있습니다.",실질 호재,gemini-2.5-flash,95.0,100.0,100.0,두 모델의 방향성이 일치하여 종합 신뢰도를 높게 반영함
2026-04-21,카카오,035720,gemini-2.5-flash,▲ 상승,78,AI/글로벌 성장,실질 호재,"카카오는 톡비즈 중심의 견조한 실적과 계열사 구조조정을 바탕으로 2025년 역대 최대 실적을 달성하며 2026년을 AI 및 글로벌 사업 확장 원년으로 삼아 성장을 가속화하고 있습니다. 아직 AI 수익화는 초기 단계지만, 핵심 사업의 호실적을 통해 미래 성장 동력을 확보하고 있습니다.","kakaocorp.com, byline.network, newsdream.kr",유사패턴 강세,혼조,"핵심 사업의 견조한 실적과 AI 및 글로벌 사업 확장 계획이 강력한 호재로 작용하며, 과거 패턴의 상승 예측 성향을 뒷받침하나, 이평선 역배열은 단기 상승폭을 제한할 수 있습니다.",Y,,gemini-3-flash-preview,▲ 상승,78.0,1분기 실적 반등,실질 호재,"2026년 1분기 영업이익이 전년 대비 약 66~75% 급증할 것으로 전망되며, 강도 높은 계열사 효율화와 내실 경영의 성과가 가시화되고 있습니다. 신규 AI 서비스 '카나나'의 카카오톡 통합과 광고·커머스 고도화가 중장기적인 수익 창출 동력으로 평가받고 있습니다.","einfomax.co.kr, daum.net, investing.com",유사패턴 강세,혼조,강력한 실적 개선세와 20일선 안착이 확인되었으나 60일선 저항과 역배열 상태의 매물 부담이 존재하여 단기 반등에 무게를 둔다.,Y,,▲ 상승,86.0,AI/글로벌 성장,"카카오는 톡비즈 중심의 견조한 실적과 계열사 구조조정을 바탕으로 2025년 역대 최대 실적을 달성하며 2026년을 AI 및 글로벌 사업 확장 원년으로 삼아 성장을 가속화하고 있습니다. 아직 AI 수익화는 초기 단계지만, 핵심 사업의 호실적을 통해 미래 성장 동력을 확보하고 있습니다.",실질 호재,gemini-2.5-flash,95.0,100.0,100.0,두 모델의 방향성이 일치하여 종합 신뢰도를 높게 반영함
2026-04-22,삼성전자,005930,gemini-2.5-flash,▲ 상승,90,분기 실적,실질 호재,"삼성전자가 1분기 57.2조원(일부 54조원)의 역대급 영업이익을 기록하며 어닝 서프라이즈를 달성했으며, 7세대 HBM4E 개발 및 미국 테일러 파운드리 장비 반입으로 미래 성장 동력을 강화하고 있다.","youtube.com, daum.net, naver.com",유사패턴 강세,강세,"현재가가 모든 이평선을 상회하는 강한 정배열 추세와 1분기 역대급 어닝 서프라이즈, 그리고 미래 성장 동력 강화 뉴스가 맞물려 단기 상승 가능성이 매우 높다.",Y,,gemini-3-flash-preview,▲ 상승,92.0,DS부문장 교체,실질 호재,삼성전자가 반도체 사업 수장을 전영현 부회장으로 전격 교체하며 HBM 경쟁력 강화와 조직 분위기 쇄신에 나섰습니다. 이는 AI 반도체 시장에서의 기술 주도권을 탈환하겠다는 경영진의 강력한 의지로 풀이됩니다.,,유사패턴 강세,강세,이평선 정배열의 기술적 강세와 HBM 경쟁력 회복을 위한 경영진 교체라는 강력한 실질 호재가 결합되어 단기 추가 상승 가능성이 매우 높음,Y,,▲ 상승,94.0,분기 실적,"삼성전자가 1분기 57.2조원(일부 54조원)의 역대급 영업이익을 기록하며 어닝 서프라이즈를 달성했으며, 7세대 HBM4E 개발 및 미국 테일러 파운드리 장비 반입으로 미래 성장 동력을 강화하고 있다.",실질 호재,gemini-2.5-flash,95.0,100.0,100.0,두 모델의 방향성이 일치하여 종합 신뢰도를 높게 반영함
2026-04-22,NVDA,NVDA,gemini-2.5-flash,▲ 상승,88,AI 플랫폼,실질 호재,"엔비디아는 FY2026년 기록적인 매출과 데이터센터 부문 성장을 달성했으며, Q1 FY2027에 대한 강력한 매출 가이던스를 제시했습니다. 또한, 새로운 AI 플랫폼인 Vera Rubin 출시 및 AI 인프라에 대한 1조 달러 이상의 수요 전망으로 AI 시장 리더십을 공고히 하고 있습니다.","nvidia.com, 247wallst.com, constellationr.com",유사패턴 강세,강세,"엔비디아의 기록적인 매출 및 강력한 가이던스, 신규 AI 플랫폼 출시와 AI 시장 리더십 강화 뉴스가 현재 주가가 20일선과 60일선을 상회하는 기술적 강세 및 과거 상승 패턴과 강하게 일치하여 단기 상승 가능성이 높습니다.",Y,,gemini-3-flash-preview,▲ 상승,82.0,블랙웰 양산 본격화,실질 호재,"엔비디아의 차세대 AI 칩 '블랙웰'의 대량 양산이 본격화된 가운데, 주요 클라우드 서비스 제공업체(CSP)들의 선주문 물량이 내년치까지 예약되며 실적 성장의 가시성이 매우 높아짐.",,유사패턴 강세,혼조,블랙웰 공급망의 실질적 매출 가시성과 이평선을 상회하는 가격 돌파가 역배열의 기술적 부담을 상쇄하며 단기 우상향 기조를 견인할 것으로 판단된다.,Y,,▲ 상승,90.0,AI 플랫폼,"엔비디아는 FY2026년 기록적인 매출과 데이터센터 부문 성장을 달성했으며, Q1 FY2027에 대한 강력한 매출 가이던스를 제시했습니다. 또한, 새로운 AI 플랫폼인 Vera Rubin 출시 및 AI 인프라에 대한 1조 달러 이상의 수요 전망으로 AI 시장 리더십을 공고히 하고 있습니다.",실질 호재,gemini-2.5-flash,90.0,100.0,100.0,두 모델의 방향성이 일치하여 종합 신뢰도를 높게 반영함
2026-04-22,TSLA,TSLA,gemini-2.5-flash,▼ 하락,90,실적 부진 및 재고 증가,실질 악재,"테슬라의 2026년 1분기 차량 인도량이 시장 예상치를 하회하여 5만 대 이상의 재고가 쌓였고, 캘리포니아 등록 대수 또한 24% 감소하는 등 주요 지표에서 부진한 실적을 보였다. 또한, FSD 기능에 대한 약속 미이행으로 인해 하드웨어 한계 관련 집단 소송에 직면하고 있다.","tesla.com, fool.com, electrek.co",유사패턴 약세,약세,주요 지표에서 확인된 심각한 실적 부진 및 재고 증가 악재와 역배열 차트가 과거 하락 패턴과 일치하여 단기적인 하락 압력이 매우 높다.,Y,,gemini-3-flash-preview,▼ 하락,65.0,재고 부담,실질 호재,"텍사스주 주요 도시로 무인 로보택시 서비스를 확대하고 전용 차량 '사이버캡'의 이달 양산을 확정하며 자율주행 상용화를 가속화하고 있습니다. 다만, 1분기 인도량 미달과 5만 대 규모의 재고 누적에 따른 수익성 악화 우려는 여전한 상태입니다.",investing.com,유사패턴 약세,혼조,로보택시 양산 확정이라는 강력한 호재에도 불구하고 60일 이평선의 저항과 1분기 인도량 미달에 따른 실적 우려가 단기적인 하방 압력으로 작용하고 있다.,Y,,▼ 하락,81.0,실적 부진 및 재고 증가,"테슬라의 2026년 1분기 차량 인도량이 시장 예상치를 하회하여 5만 대 이상의 재고가 쌓였고, 캘리포니아 등록 대수 또한 24% 감소하는 등 주요 지표에서 부진한 실적을 보였다. 또한, FSD 기능에 대한 약속 미이행으로 인해 하드웨어 한계 관련 집단 소송에 직면하고 있다.",실질 악재,gemini-2.5-flash,95.0,100.0,70.0,두 모델의 방향성이 일치하여 종합 신뢰도를 높게 반영함
2026-04-22,AAPL,AAPL,gemini-2.5-flash,▲ 상승,75,CEO 교체,단순 기대감,"애플은 9월 1일부로 팀 쿡이 이사회 의장으로, 하드웨어 엔지니어링 수석 부사장인 존 터누스가 차기 CEO로 취임하는 계획된 경영진 교체를 발표했다. 이는 하드웨어 전문성을 바탕으로 애플의 미래 혁신에 대한 기대감을 높이고 있다.","stocktitan.net, apple.com, etftrends.com",유사패턴 강세,혼조,과거 패턴의 일관된 상승 예측과 신임 CEO에 대한 긍정적인 기대감이 현재 차트의 혼조세와 이동평균선 역배열로 인한 불확실성을 상쇄하며 단기 상승 가능성에 무게를 싣는다.,Y,,gemini-3-flash-preview,▼ 하락,68.0,중국 시장 점유율 하락,실질 악재,올해 1분기 중국 내 아이폰 판매량이 전년 동기 대비 19.1% 급감하며 시장 점유율이 3위로 하락했습니다. 화웨이 등 현지 브랜드의 약진과 애국 소비 확산이 실적에 직접적인 타격을 준 것으로 분석됩니다.,,유사패턴 강세,혼조,과거 유사 패턴은 상승 우위이나 중국 내 판매 급감이라는 실질적 악재와 이평선 역배열 상태에서 발생한 오늘의 급락이 단기 하방 압력을 강하게 형성하고 있다.,Y,,━ 관망,56.0,의견 충돌,CEO 교체 관련 기대감와 중국 시장 점유율 하락 관련 악재가 함께 존재해 단기 방향성 확인이 필요합니다.,혼재,conflict,0.0,0.0,65.0,두 모델의 방향성이 충돌하여 종합 판단을 보수적으로 반영함
2026-04-22,GOOGL,GOOGL,gemini-2.5-flash,▲ 상승,90,AI 칩,실질 호재,구글은 엔비디아 GPU 의존도를 줄이고 AI 워크로드 효율성을 높이기 위해 마벨 테크놀로지와 협력하여 새로운 AI 칩(메모리 처리 장치 및 차세대 TPU)을 개발 중이다.,benzinga.com,유사패턴 강세,강세,"구글의 AI 칩 개발이라는 실질적 호재와 AI 성장 기대의 과거 패턴이 맞물리고, 현재가가 이동평균선을 상회하며 단기 상승 가능성이 높습니다.",Y,,gemini-3-flash-preview,▲ 상승,82.0,Axion 기반 인프라 혁신,실질 호재,구글은 자체 설계한 Arm 기반 CPU '액시온(Axion)'을 공개하며 데이터센터의 에너지 효율을 높이고 클라우드 비용을 절감하는 성과를 거두었습니다. 이는 AI 서비스의 수익성 개선과 더불어 하드웨어 독립성을 강화하는 실질적인 기술적 진보로 평가됩니다.,,유사패턴 강세,혼조,자체 설계 CPU를 통한 비용 절감이라는 실질적 호재와 과거 상승 패턴의 일치성이 높으나 이평선 역배열 상태에서 발생한 단기 숨고르기 국면으로 판단된다.,Y,,▲ 상승,91.0,AI 칩,구글은 엔비디아 GPU 의존도를 줄이고 AI 워크로드 효율성을 높이기 위해 마벨 테크놀로지와 협력하여 새로운 AI 칩(메모리 처리 장치 및 차세대 TPU)을 개발 중이다.,실질 호재,gemini-2.5-flash,90.0,100.0,100.0,두 모델의 방향성이 일치하여 종합 신뢰도를 높게 반영함
2026-04-22,삼진제약,000520,gemini-2.5-flash,━ 관망,65,월드클래스 플러스 프로젝트,실질 호재,삼진제약이 산업통상자원부의 '월드클래스 플러스 프로젝트'에 최종 선정되어 혁신 신약 및 ADC 플랫폼 기반 기술 개발에 정부 지원을 받게 되었습니다. 이는 회사의 신약 사업화 가능성을 인정받은 실질적인 호재입니다.,"chosun.com, news1.kr, dailypharm.com",유사패턴 강세,약세,"현재 차트는 20일선과 60일선을 하회하며 역배열을 보이고 당일 3.61% 하락 마감하여 약세 신호를 강하게 보내나, 정부 지원을 받는 혁신 신약 개발 호재와 과거 유사 패턴의 상승 예측 성향이 상충하여 단기 방향성 예측에 불확실성이 크다.",Y,,gemini-3-flash-preview,▲ 상승,72.0,월드클래스 플러스,실질 호재,산업부 주관 ‘월드클래스 플러스’ 지원사업에 선정되어 차세대 ADC 플랫폼 및 신약(SJN314) 개발에 대한 대규모 정부 지원과 기술력을 인정받았습니다. 이를 통해 제네릭 중심에서 항암 및 첨단 바이오 위주의 고부가가치 사업 구조로의 전환이 가속화될 전망입니다.,"dailypharm.com, g-enews.com",유사패턴 강세,약세,"현재 차트는 이평선 역배열 및 주요 선 하회로 기술적 약세가 뚜렷하나, 신약 개발 가속화를 뒷받침하는 대규모 정부 지원이라는 실질적 호재와 과거 유사 패턴의 상승 우세 성향이 단기 반등 모멘텀으로 작용할 것으로 판단됨.",Y,,▲ 상승,70.0,월드클래스 플러스 프로젝트,삼진제약이 산업통상자원부의 '월드클래스 플러스 프로젝트'에 최종 선정되어 혁신 신약 및 ADC 플랫폼 기반 기술 개발에 정부 지원을 받게 되었습니다. 이는 회사의 신약 사업화 가능성을 인정받은 실질적인 호재입니다.,실질 호재,gemini-2.5-flash,90.0,50.0,100.0,한 모델이 관망 또는 약한 신호를 제시하여 중간 수준으로 반영함
2026-04-22,케이뱅크,272210,gemini-2.5-flash,▼ 하락,75,보호예수 물량,실질 악재,"케이뱅크는 상장 한 달 만에 공모가를 크게 밑돌며 주가가 부진하고 있으며, 수익성 악화와 업비트 의존도, 그리고 6월부터 시작될 보호예수 물량 해제에 대한 우려가 커지고 있다.","newstopkorea.com, newsway.co.kr, daum.net",유사패턴 약세,강세,"단기 차트는 긍정적이나, 심각한 수익성 악화와 6월 보호예수 물량 해제에 대한 우려 등 강력한 실질 악재와 과거 패턴이 하방 압력을 시사하여 하락 가능성이 높다.",Y,,gemini-3-flash-preview,━ 관망,60.0,수익성 악화,실질 악재,"2025년 당기순이익이 전년 대비 12.1% 감소한 1,126억 원을 기록하며 성장이 둔화되었고, 상장 이후 주가가 공모가(8,300원)를 20% 이상 하회하는 부진이 지속되고 있습니다. 이에 대응해 창사 이래 첫 희망퇴직을 실시하는 등 고정비 절감과 수익성 방어를 위한 조직 효율화에 착수했습니다.","daum.net, sisaworld.kr, newsfield.net",유사패턴 약세,강세,정배열 추세의 기술적 강세와 수익성 둔화 및 희망퇴직 등 실질적 펀더멘털 악재가 정면으로 충돌하고 있어 단기 방향성 확인이 필요한 시점이다.,Y,,▼ 하락,69.0,보호예수 물량,"케이뱅크는 상장 한 달 만에 공모가를 크게 밑돌며 주가가 부진하고 있으며, 수익성 악화와 업비트 의존도, 그리고 6월부터 시작될 보호예수 물량 해제에 대한 우려가 커지고 있다.",실질 악재,gemini-2.5-flash,95.0,50.0,100.0,한 모델이 관망 또는 약한 신호를 제시하여 중간 수준으로 반영함
2026-04-22,리얼티인컴,O,gemini-2.5-flash,▲ 상승,85,성장 및 배당,실질 호재,"리얼티인컴은 2026년 4월 670번째 월간 배당금을 인상 지급하며 안정적인 배당 정책을 이어갔고, 2026년 조정 운용 자금(AFFO)이 약 2.8% 증가할 것으로 전망하며 80억 달러 규모의 투자를 계획하고 있어 지속적인 성장이 기대된다.","seekingalpha.com, zacks.com, dividendinvestor.com",유사패턴 강세,혼조,리얼티인컴은 안정적인 배당 인상 및 AFFO 성장이 기대되는 실질 호재성 뉴스와 과거 유사 패턴의 강한 상승 예측이 맞물려 단기적으로 상승할 것으로 예상된다.,Y,,gemini-3-flash-preview,▲ 상승,82.0,배당금 증액,실질 호재,리얼티인컴은 최근 분기 배당금 증액을 발표하며 106회 연속 분기별 배당 인상 기록을 달성했습니다. 이는 고금리 환경 지속에도 불구하고 견고한 점유율과 포트폴리오 다각화를 통해 안정적인 현금 흐름을 창출하고 있음을 입증합니다.,,유사패턴 강세,혼조,주가가 20일 및 60일 이평선을 모두 상회하는 가운데 배당 증액이라는 실질적 펀더멘털 호재와 과거 상승 패턴이 결합되어 단기적 상승 우위가 판단된다.,Y,,▲ 상승,89.0,성장 및 배당,"리얼티인컴은 2026년 4월 670번째 월간 배당금을 인상 지급하며 안정적인 배당 정책을 이어갔고, 2026년 조정 운용 자금(AFFO)이 약 2.8% 증가할 것으로 전망하며 80억 달러 규모의 투자를 계획하고 있어 지속적인 성장이 기대된다.",실질 호재,gemini-2.5-flash,90.0,100.0,100.0,두 모델의 방향성이 일치하여 종합 신뢰도를 높게 반영함
2026-04-22,포스코DX,022100,gemini-2.5-flash,▲ 상승,85,AI,실질 호재,"포스코DX는 최근 'Automation World 2026'에서 AI 에이전트와 피지컬 AI를 활용한 제조 현장 AX·DX 사례를 선보였으며, 국산 NPU 개발사에 투자하여 제조 AI 혁신을 가속화하는 등 AI 및 로봇 기반 스마트팩토리 솔루션 확장에 주력하고 있다.","posco.com, chosun.com, edaily.co.kr",유사패턴 강세,혼조,포스코DX는 AI 및 로봇 기반 스마트팩토리 솔루션 확장이라는 실질적인 호재성 뉴스에 힘입어 20일선을 상회하고 60일선 돌파를 시도하는 강한 단기 상승 모멘텀을 보인다.,Y,,gemini-3-flash-preview,▲ 상승,82.0,이차전지 자동화 수주,실질 호재,포스코 그룹의 이차전지 소재 생산 라인 확대에 따른 스마트팩토리 및 자동화 설비 수주가 지속되며 매출과 영업이익이 동반 성장하고 있습니다. 특히 산업용 로봇과 AI 기술을 결합한 고부가 가치 솔루션 공급이 실질적인 실적 개선을 견인하고 있습니다.,,유사패턴 강세,혼조,실질적인 수주 기반의 실적 성장세와 과거 상승 패턴의 일치성이 높으나 60일 이동평균선 돌파 여부에 따른 단기 저항 확인이 필요하다.,Y,,▲ 상승,89.0,AI,"포스코DX는 최근 'Automation World 2026'에서 AI 에이전트와 피지컬 AI를 활용한 제조 현장 AX·DX 사례를 선보였으며, 국산 NPU 개발사에 투자하여 제조 AI 혁신을 가속화하는 등 AI 및 로봇 기반 스마트팩토리 솔루션 확장에 주력하고 있다.",실질 호재,gemini-2.5-flash,95.0,100.0,100.0,두 모델의 방향성이 일치하여 종합 신뢰도를 높게 반영함
2026-04-22,카카오,035720,gemini-2.5-flash,▼ 하락,80,AI 사업 성과 및 주가 부진,실질 악재,"카카오는 1분기 역대급 실적이 예상되지만, AI 서비스의 제한적인 트래픽 증가와 수익화 불확실성으로 인해 주가가 부진하고 목표 주가가 하향 조정되고 있다.","newstomato.com, youtube.com",유사패턴 강세,혼조,"1분기 실적 개선에도 불구하고 AI 사업 성과 부진과 수익화 불확실성이라는 실질 악재가 강력하며, 단기 이평선 상회에도 불구하고 역배열의 중장기 하락 추세가 단기 상승 여력을 제한할 것으로 예상된다.",Y,,gemini-3-flash-preview,▲ 상승,78.0,AI B2B 수익화,실질 호재,카카오의 통합 AI 플랫폼 '카나나'가 유료화 전환 이후 기업향(B2B) 매출이 급증하며 1분기 어닝 서프라이즈를 기록했습니다. 사법 리스크의 단계적 해소와 함께 AI 중심의 사업 구조 재편이 실질적인 영업이익 개선으로 이어지고 있습니다.,,유사패턴 강세,혼조,AI 플랫폼 카나나의 실질적 매출 기여와 어닝 서프라이즈라는 강력한 펀더멘털 개선이 60일선 저항을 돌파하기 위한 단기 상승 동력으로 작용할 전망이다.,Y,,━ 관망,62.0,의견 충돌,AI 사업 성과 및 주가 부진 관련 악재와 AI B2B 수익화 관련 호재가 함께 존재해 단기 방향성 확인이 필요합니다.,혼재,conflict,0.0,0.0,70.0,두 모델의 방향성이 충돌하여 종합 판단을 보수적으로 반영함
2026-04-23,삼성전자,005930,gemini-2.5-flash,━ 관망,60,총파업,실질 악재,삼성전자 DS부문 노조가 5월 대규모 총파업을 예고하며 메모리 반도체 라인 가동 중단에 따른 최대 30조원 규모의 생산 차질 및 손실 발생 우려가 커지고 있다.,"imbc.com, daum.net, chosun.com",유사패턴 강세,강세,"현재가는 20일선과 60일선을 모두 상회하며 정배열을 형성, 기술적으로 강한 상승 추세이나, DS부문 노조의 총파업 예고로 인한 대규모 생산 차질 우려가 단기 방향성에 큰 불확실성을 가중시키고 있어 관망이 필요하다.",Y,,gemini-3-flash-preview,━ 관망,60.0,노조 총파업,실질 악재,"1분기 영업이익 57조 원의 역대급 어닝 서프라이즈를 기록했으나, 오늘 평택 사업장에 노조원 3만 7천여 명이 집결하며 성과급 및 임금 인상을 요구하는 대규모 시위가 벌어지고 있다. 노조 측이 5월 총파업을 예고하면서 반도체 생산 차질 및 경영 집중력 분산에 대한 우려가 실질적인 리스크로 부각되는 중이다.",,유사패턴 강세,강세,"이평선 정배열과 역대급 실적이라는 강력한 기술적·기본적 토대가 구축되어 있으나, 대규모 노조 리스크가 실질적인 생산 차질 우려를 낳으며 단기 상방 동력을 억제하고 있다.",Y,,━ 관망,74.0,총파업,삼성전자 DS부문 노조가 5월 대규모 총파업을 예고하며 메모리 반도체 라인 가동 중단에 따른 최대 30조원 규모의 생산 차질 및 손실 발생 우려가 커지고 있다.,실질 악재,gemini-2.5-flash,95.0,100.0,100.0,두 모델의 방향성이 일치하여 종합 신뢰도를 높게 반영함
2026-04-23,NVDA,NVDA,gemini-2.5-flash,▲ 상승,90,AI 기술 리더십,실질 호재,"엔비디아는 2026년 4분기 및 회계연도에 기록적인 매출을 달성하며 강력한 실적을 보였고, 최근 구글 클라우드와 AI 협력을 확대하고 양자 컴퓨팅용 AI 툴셋을 공개하는 등 AI 기술 리더십을 더욱 공고히 하고 있다.","nvidia.com, investing.com, advfn.com",유사패턴 강세,강세,"현재 주가는 정배열 상태에서 20일선과 60일선을 상회하며 강한 상승 추세를 보이고 있으며, 기록적인 실적과 AI 기술 리더십 강화를 담은 실질 호재 뉴스, 그리고 과거 유사 패턴 모두 상승을 강하게 지지합니다.",Y,,gemini-3-flash-preview,▲ 상승,92.0,AI CAPEX 확대,실질 호재,메타(Meta)를 비롯한 글로벌 빅테크 기업들이 AI 인프라 확장을 위해 자본 지출 규모를 대폭 상향하면서 엔비디아 가속기에 대한 수요 견고함이 재확인되었습니다. 차세대 칩 '블랙웰(Blackwell)'의 본격적인 출하와 맞물려 실적 성장의 가시성이 매우 높아진 상황입니다.,,유사패턴 강세,강세,빅테크의 공격적인 AI 자본지출 증액이라는 실질적 펀더멘털 개선과 이평선 정배열의 기술적 강세가 결합되어 추가 상승 가능성이 매우 높다.,Y,,▲ 상승,94.0,AI 기술 리더십,"엔비디아는 2026년 4분기 및 회계연도에 기록적인 매출을 달성하며 강력한 실적을 보였고, 최근 구글 클라우드와 AI 협력을 확대하고 양자 컴퓨팅용 AI 툴셋을 공개하는 등 AI 기술 리더십을 더욱 공고히 하고 있다.",실질 호재,gemini-2.5-flash,95.0,100.0,100.0,두 모델의 방향성이 일치하여 종합 신뢰도를 높게 반영함
2026-04-23,TSLA,TSLA,gemini-2.5-flash,▲ 상승,75,1분기 실적 호조,실질 호재,"테슬라(TSLA)는 2026년 1분기 조정 주당순이익이 시장 예상치를 상회했으며, 견고한 매출과 개선된 총마진 및 잉여현금흐름을 기록하며 시장의 우려를 불식시켰다. 또한 AI 및 로보택시 등 미래 핵심 사업에 대한 지속적인 투자 계획을 강조했다.","benzinga.com, public.com, teslarati.com",유사패턴 약세,혼조,강력한 1분기 실적 호조와 미래 사업 투자 계획 강조 뉴스가 단기 주가 상승 모멘텀을 제공하며 하방 압력을 상쇄할 것으로 예상된다.,Y,,gemini-3-flash-preview,▼ 하락,85.0,인도량 감소,실질 악재,글로벌 전기차 수요 둔화와 중국 시장 경쟁 심화로 인해 1분기 인도량이 전년 대비 역성장하며 시장 예상치를 크게 하회했습니다.,,유사패턴 약세,약세,이평선 역배열 상태에서 인도량 역성장이라는 실질적 악재가 가시화되었으며 과거 유사 패턴에서도 하락 신호가 우세하여 단기적인 추가 하향 압력이 클 것으로 판단된다.,Y,,━ 관망,62.0,의견 충돌,1분기 실적 호조 관련 호재와 인도량 감소 관련 악재가 함께 존재해 단기 방향성 확인이 필요합니다.,혼재,conflict,0.0,0.0,70.0,두 모델의 방향성이 충돌하여 종합 판단을 보수적으로 반영함
2026-04-23,AAPL,AAPL,gemini-2.5-flash,▲ 상승,78,CEO 교체,실질 악재,"팀 쿡 CEO가 9월 1일부로 사임하고 하드웨어 엔지니어링 수석 부사장인 존 터너스가 새로운 CEO로 취임할 예정이며, 이에 따라 단기적인 투자 불확실성이 증가하여 주가가 하락했습니다.","barchart.com, fool.com, indiatimes.com",유사패턴 강세,강세,현재가가 20일선과 60일선을 모두 상회하며 2.63% 상승한 강력한 단기 상승 차트 신호와 CEO 교체 시에도 상승을 예측했던 과거 패턴이 실질 악재 뉴스의 단기적 영향력을 상쇄하며 매수 심리를 견인하는 것으로 보인다.,Y,,gemini-3-flash-preview,▲ 상승,78.0,경영권 승계 및 AI 로드맵,단순 기대감,15년간 애플을 이끈 팀 쿡 CEO의 사임과 존 터너스 부사장의 승계 발표로 인해 하드웨어 중심의 차세대 혁신에 대한 시장의 기대감이 고조되고 있습니다. 오는 4월 30일 예정된 2분기 실적 발표를 통해 신임 CEO 체제에서의 구체적인 AI 전략과 경영 로드맵이 공개될 것으로 보입니다.,,유사패턴 강세,강세,CEO 교체 기대감과 실적 발표 전 AI 전략 공개에 대한 심리가 역배열 상태인 이평선을 돌파하는 강한 단기 상승 모멘텀을 형성하고 있다.,Y,,▲ 상승,80.0,CEO 교체,"팀 쿡 CEO가 9월 1일부로 사임하고 하드웨어 엔지니어링 수석 부사장인 존 터너스가 새로운 CEO로 취임할 예정이며, 이에 따라 단기적인 투자 불확실성이 증가하여 주가가 하락했습니다.",실질 악재,gemini-2.5-flash,95.0,100.0,65.0,두 모델의 방향성이 일치하여 종합 신뢰도를 높게 반영함
2026-04-23,GOOGL,GOOGL,gemini-2.5-flash,▲ 상승,90,AI 확장 및 채택,실질 호재,"알파벳은 Google Cloud Next '26에서 에이전트 AI를 위한 8세대 TPU 및 새로운 플랫폼을 공개하고, 기업의 AI 도입 가속화를 위해 7.5억 달러를 투자하는 등 AI 역량 강화와 시장 확장에 적극적으로 나서고 있습니다.","inc.com, ciodive.com, deepmind.google",유사패턴 강세,강세,"현재가가 20일선과 60일선을 크게 상회하며 강한 상승 모멘텀을 보이고, 실질적인 AI 확장 및 투자 호재 뉴스, 그리고 과거 유사 패턴 또한 일관되게 상승을 예측하여 단기 상승 가능성이 높다.",Y,,gemini-3-flash-preview,▲ 상승,92.0,사상 첫 배당 및 주주 환원,실질 호재,알파벳은 1분기 호실적과 함께 사상 첫 분기 배당 실시와 700억 달러 규모의 대규모 자사주 매입 계획을 발표했습니다. 클라우드 부문의 가파른 수익성 개선과 AI 인프라 수요 확대가 실질적인 실적 성장을 견인했습니다.,,유사패턴 강세,강세,사상 첫 배당 실시와 대규모 자사주 매입이라는 강력한 주주 환원 정책이 실적 호조와 맞물려 단기 이평선 역배열을 돌파하는 강력한 상승 추세를 형성하고 있다.,Y,,▲ 상승,94.0,AI 확장 및 채택,"알파벳은 Google Cloud Next '26에서 에이전트 AI를 위한 8세대 TPU 및 새로운 플랫폼을 공개하고, 기업의 AI 도입 가속화를 위해 7.5억 달러를 투자하는 등 AI 역량 강화와 시장 확장에 적극적으로 나서고 있습니다.",실질 호재,gemini-2.5-flash,95.0,100.0,100.0,두 모델의 방향성이 일치하여 종합 신뢰도를 높게 반영함
2026-04-23,삼진제약,000520,gemini-2.5-flash,━ 관망,65,신약 개발,실질 호재,"삼진제약은 연구 인력 및 R&D 투자를 확대하여 신약 개발을 강화하고 있으며, 산업부 '월드클래스 플러스 프로젝트'에 선정되어 핵심 파이프라인의 사업화 가능성을 인정받았다. 또한, 알츠하이머 치료제 'AR1001'의 3상 결과가 2026년 3분기에 발표될 예정이다.","medipana.com, chosun.com",유사패턴 강세,약세,"현재 차트가 역배열 하락 추세를 보이나, '월드클래스 플러스 프로젝트' 선정 및 신약 개발 강화 뉴스가 강력한 실질 호재로 작용하여 단기 방향성에 대한 확신이 부족해 관망이 필요하다.",Y,,gemini-3-flash-preview,▲ 상승,68.0,디지털 헬스케어,실질 호재,웨어러블 심전도 측정기 등 의료기기 사업의 글로벌 진출 가속화와 건강기능식품 부문의 매출 비중 확대로 수익 구조 다변화 성과가 가시화되고 있습니다.,,유사패턴 강세,약세,"실질적인 사업 다각화 호재와 과거의 높은 상승 전환 패턴에도 불구하고, 이평선 역배열에 따른 하방 압력이 존재하여 20일선 돌파를 타겟으로 한 단기 기술적 반등이 기대됩니다.",Y,,▲ 상승,68.0,신약 개발,"삼진제약은 연구 인력 및 R&D 투자를 확대하여 신약 개발을 강화하고 있으며, 산업부 '월드클래스 플러스 프로젝트'에 선정되어 핵심 파이프라인의 사업화 가능성을 인정받았다. 또한, 알츠하이머 치료제 'AR1001'의 3상 결과가 2026년 3분기에 발표될 예정이다.",실질 호재,gemini-2.5-flash,90.0,50.0,100.0,한 모델이 관망 또는 약한 신호를 제시하여 중간 수준으로 반영함
2026-04-23,케이뱅크,272210,gemini-2.5-flash,▼ 하락,75,케이뱅크 희망퇴직,실질 악재,"케이뱅크는 지난 3월 코스피 상장에 성공했지만, 상장 후 주가가 공모가를 밑돌고 있으며, 수익성 악화에 따른 효율성 강화를 위해 창사 이래 첫 희망퇴직을 실시하고 있다.","newsway.co.kr, judal.co.kr, youtube.com",유사패턴 약세,강세,"케이뱅크는 현재 차트상 정배열과 이평선 상회로 단기적 강세를 보이나, 수익성 악화에 따른 희망퇴직이라는 실질 악재와 과거 유사 패턴의 하락 예측 성향이 강하게 우세하여 단기적인 하방 압력이 클 것으로 예상된다.",Y,,gemini-3-flash-preview,▼ 하락,68.0,수익성 악화,실질 악재,"가상자산 예치금 이자 비용 증가로 지난해 순이익이 전년 대비 12% 감소했으며, 상장 한 달이 지났음에도 주가가 공모가를 지속적으로 하회하며 수익성 강화가 시급한 과제로 부각되었습니다.",newsway.co.kr,유사패턴 약세,강세,이평선 정배열의 기술적 강세에도 불구하고 순이익 감소라는 실질적 악재와 하락 성향이 강한 과거 패턴이 단기 상승 여력을 제한할 것으로 판단됨,Y,,▼ 하락,81.0,케이뱅크 희망퇴직,"케이뱅크는 지난 3월 코스피 상장에 성공했지만, 상장 후 주가가 공모가를 밑돌고 있으며, 수익성 악화에 따른 효율성 강화를 위해 창사 이래 첫 희망퇴직을 실시하고 있다.",실질 악재,gemini-2.5-flash,95.0,100.0,100.0,두 모델의 방향성이 일치하여 종합 신뢰도를 높게 반영함
2026-04-23,리얼티인컴,O,gemini-2.5-flash,▲ 상승,78,글로벌 투자 확대,실질 호재,"리얼티인컴은 2026년 80억 달러 규모의 공격적인 글로벌 투자 계획을 발표하고 아폴로 등과의 전략적 파트너십을 통해 유럽 및 멕시코 시장으로 확장을 추진하며, 670번째 연속 월 배당 지급을 이어가고 있다.","stockevents.app, 247wallst.com, seekingalpha.com",유사패턴 강세,혼조,공격적인 글로벌 투자 계획 및 지속적인 배당 지급 소식과 과거 상승 패턴이 혼조세인 차트 흐름에도 불구하고 단기 상승 가능성을 높인다.,Y,,gemini-3-flash-preview,▲ 상승,78.0,유럽 확장 및 배당 안정성,실질 호재,"670회 연속 월배당 지급을 발표하며 독보적인 배당 안정성을 입증했으며, 아폴로(Apollo)와의 10억 달러 파트너십을 통해 유럽 중심의 공격적인 자산 매입과 포트폴리오 다각화를 추진하고 있습니다.",,유사패턴 강세,혼조,60일선 저항이 존재하나 강력한 배당 안정성과 유럽 확장이라는 실질적 호재가 하방 경직성을 확보하며 단기 반등을 견인할 것으로 판단됨.,Y,,▲ 상승,86.0,글로벌 투자 확대,"리얼티인컴은 2026년 80억 달러 규모의 공격적인 글로벌 투자 계획을 발표하고 아폴로 등과의 전략적 파트너십을 통해 유럽 및 멕시코 시장으로 확장을 추진하며, 670번째 연속 월 배당 지급을 이어가고 있다.",실질 호재,gemini-2.5-flash,95.0,100.0,100.0,두 모델의 방향성이 일치하여 종합 신뢰도를 높게 반영함
2026-04-23,포스코DX,022100,gemini-2.5-flash,▲ 상승,90,AI 전환,실질 호재,"포스코DX는 'AW 2026'에서 AI 에이전트와 피지컬 AI 기반의 스마트 팩토리 솔루션을 선보이며 AI 네이티브 기업 전환을 가속화하고 있으며, 국산 NPU 개발사에 투자하는 등 AI 기술력 강화에 박차를 가하고 있다.","posco.com, chosun.com, mt.co.kr",유사패턴 강세,강세,"현재가가 단기 및 중기 이평선을 상회하며 강한 상승 모멘텀을 보이고 있으며, AI 네이티브 기업 전환 관련 실질적인 호재 뉴스 및 과거 유사 패턴 또한 상승을 지지한다.",Y,,gemini-3-flash-preview,▲ 상승,88.0,수주액 급증,실질 호재,"최근 수주액이 전분기 대비 169% 급증하며 실적 턴어라운드의 발판을 마련했으며, 산업용 AI와 로봇을 결합한 통합 솔루션 공급을 통해 2026년 수익성 개선이 본격화되고 있다.","thelec.kr, poscodx.com",유사패턴 강세,강세,전분기 대비 169% 급증한 수주 데이터가 실적 턴어라운드를 증명하는 가운데 현재가가 60일 이동평균선을 상향 돌파하며 단기 추세 전환에 성공했다.,Y,,▲ 상승,93.0,AI 전환,"포스코DX는 'AW 2026'에서 AI 에이전트와 피지컬 AI 기반의 스마트 팩토리 솔루션을 선보이며 AI 네이티브 기업 전환을 가속화하고 있으며, 국산 NPU 개발사에 투자하는 등 AI 기술력 강화에 박차를 가하고 있다.",실질 호재,gemini-2.5-flash,95.0,100.0,100.0,두 모델의 방향성이 일치하여 종합 신뢰도를 높게 반영함
2026-04-23,카카오,035720,gemini-2.5-flash,▲ 상승,75,카카오 실적 및 신사업,실질 호재,"카카오는 톡비즈 성장과 사업 재편에 힘입어 2026년 1분기 역대 최대 영업이익이 전망되며, 카카오톡 내 AI 검색 서비스 '카나나' 시범 운영 및 금융 자회사의 글로벌 확장을 본격화하고 있다.","mztip.com, mk.co.kr, byline.network",유사패턴 강세,혼조,톡비즈 성장과 신사업 확장에 따른 역대 최대 1분기 실적 전망이라는 강력한 호재와 과거 패턴의 상승 우세가 단기적인 하락 추세를 극복할 가능성을 높인다.,Y,,gemini-3-flash-preview,▲ 상승,78.0,1분기 어닝 서프라이즈,실질 호재,"2026년 1분기 영업이익이 전년 대비 약 70% 급증하며 역대급 실적 달성이 예상되며, AI 에이전트 '카나나' 출시와 계열사 정리 등 체질 개선 효과가 실적을 견인하고 있습니다.",fntimes.com,유사패턴 강세,혼조,역배열 추세 내 저항이 존재하나 역대급 실적 반등과 AI 신사업 기대감이 단기 모멘텀을 강화하며 20일선 지지 기반의 상방 돌파를 시도할 것으로 판단됨,Y,,▲ 상승,85.0,카카오 실적 및 신사업,"카카오는 톡비즈 성장과 사업 재편에 힘입어 2026년 1분기 역대 최대 영업이익이 전망되며, 카카오톡 내 AI 검색 서비스 '카나나' 시범 운영 및 금융 자회사의 글로벌 확장을 본격화하고 있다.",실질 호재,gemini-2.5-flash,90.0,100.0,100.0,두 모델의 방향성이 일치하여 종합 신뢰도를 높게 반영함
2026-04-24,삼성전자,005930,gemini-2.5-flash,▼ 하락,75,노조 파업,실질 악재,"삼성전자 노조가 성과급 상한 폐지 및 영업이익의 15%를 요구하며 5월 21일부터 18일간 총파업을 예고했으며, 이는 생산 차질로 최대 30조 원의 손실을 야기할 수 있다.","donga.com, chosun.com, sedaily.com",유사패턴 강세,강세,"현재 차트의 강한 상승 추세와 과거 패턴의 상승 예측 성향에도 불구하고, 5월 예정된 노조 총파업으로 인한 생산 차질 및 최대 30조 원의 잠재적 손실은 단기적인 하방 압력으로 작용할 것으로 판단됩니다.",Y,,gemini-3-flash-preview,▲ 상승,93.0,어닝 서프라이즈,실질 호재,2026년 1분기 영업이익 57.2조 원을 기록하며 창사 이래 최대 분기 실적을 달성했습니다. AI 수요 대응을 위한 HBM4 세계 최초 양산과 D램 가격 급등이 반도체 부문의 폭발적인 성장을 견인했습니다.,chosun.com,유사패턴 강세,강세,역대 최대 분기 실적 달성과 HBM4 세계 최초 양산이라는 실질적 호재가 이동평균선 정배열 추세와 결합되어 강력한 단기 상승 모멘텀을 형성하고 있다.,Y,,━ 관망,65.0,의견 충돌,노조 파업 관련 악재와 어닝 서프라이즈 관련 호재가 함께 존재해 단기 방향성 확인이 필요합니다.,혼재,conflict,0.0,0.0,70.0,두 모델의 방향성이 충돌하여 종합 판단을 보수적으로 반영함
2026-04-24,NVDA,NVDA,gemini-2.5-flash,━ 관망,65,AI 경쟁 위협,실질 악재,"엔비디아는 구글의 경쟁 AI 칩 출시 및 주요 고객의 전환으로 시장 점유율 위협에 직면했으며, 중국 H200 칩 구매 차단과 암호화폐 관련 소송 재점화 등 여러 악재가 부각되고 있다.",trefis.com,유사패턴 강세,강세,"강력한 정배열 차트와 과거 AI 리더십 기반의 상승 패턴이 나타나지만, 구글 AI 칩 경쟁 및 중국 시장 위협과 같은 실질적 악재가 단기 상승 동력을 저해할 가능성이 높아 방향성 판단에 신중함이 요구된다.",Y,,gemini-3-flash-preview,▲ 상승,92.0,블랙웰 본격 양산,실질 호재,"엔비디아는 차세대 AI 칩 '블랙웰'의 본격적인 양산에 돌입했으며, 데이터센터 부문의 강력한 수요에 힘입어 분기 매출이 시장 예상치를 크게 상회했다. 주당 순이익 급증과 함께 10대 1 주식 분할을 단행하며 투자 접근성 및 주주 환원을 강화했다.",,유사패턴 강세,강세,실적 호조와 블랙웰 양산이라는 강력한 펀더멘털에 정배열 차트와 긍정적 과거 패턴이 결합되어 단기적 상승 추세 지속 가능성이 매우 높다.,Y,,▲ 상승,72.0,AI 경쟁 위협,"엔비디아는 구글의 경쟁 AI 칩 출시 및 주요 고객의 전환으로 시장 점유율 위협에 직면했으며, 중국 H200 칩 구매 차단과 암호화폐 관련 소송 재점화 등 여러 악재가 부각되고 있다.",실질 악재,gemini-2.5-flash,90.0,50.0,70.0,한 모델이 관망 또는 약한 신호를 제시하여 중간 수준으로 반영함
2026-04-24,TSLA,TSLA,gemini-2.5-flash,▼ 하락,75,AI/로보택시 투자,단순 기대감,"테슬라는 1분기 실적 발표에서 월가 매출 기대치를 하회했으나, AI 및 로보택시 사업 확대를 위해 20억 달러 규모의 AI 하드웨어 기업 인수와 250억 달러 이상의 설비 투자를 발표하며 미래 성장에 대한 기대감을 높였습니다.","theguardian.com, electrek.co, digitaltoday.co.kr",유사패턴 약세,약세,현재 실적 부진과 하락 추세의 역배열 차트가 미래 기대감만으로는 단기 반전을 이끌어내기 어렵습니다.,Y,,gemini-3-flash-preview,▲ 상승,65.0,저가형 모델 조기 출시,실질 호재,테슬라가 신규 보급형 모델의 생산 시점을 2025년 초로 앞당기겠다고 공식 발표하며 시장의 성장 둔화 우려를 불식시켰습니다. 기존 생산 라인을 활용한 공정 최적화로 비용 절감과 신모델 조기 출시라는 구체적인 로드맵을 제시했습니다.,,유사패턴 약세,혼조,"저가형 모델 출시 가속화라는 실질적 호재가 20일선 지지력과 결합하여 반등을 시도할 것으로 보이나, 역배열 상태와 60일선 저항으로 인해 상승폭은 제한적일 수 있다.",Y,,━ 관망,55.0,의견 충돌,AI/로보택시 투자 관련 기대감와 저가형 모델 조기 출시 관련 호재가 함께 존재해 단기 방향성 확인이 필요합니다.,혼재,conflict,0.0,0.0,65.0,두 모델의 방향성이 충돌하여 종합 판단을 보수적으로 반영함
2026-04-24,AAPL,AAPL,gemini-2.5-flash,▲ 상승,80,CEO 교체,단순 기대감,"애플은 9월 팀 쿡 CEO의 퇴임과 하드웨어 엔지니어링 수석 부사장인 존 터너스의 후임 발표로, AI 시대에 제품 혁신이 가속화될 것이라는 기대감이 커지고 있다.","fool.com, morningstar.com, mediapost.com",유사패턴 강세,강세,"현재가가 20일선과 60일선을 상회하며 단기 강세를 보이고, 과거 유사 패턴이 상승을 일관되게 예측하며, 차기 CEO에 대한 AI 시대 혁신 기대감이 긍정적인 투자 심리를 형성한다.",Y,,gemini-3-flash-preview,▲ 상승,88.0,아이폰 수요 회복,실질 호재,"중국 내 아이폰 출하량이 전년 대비 약 12% 증가하며 수요 둔화 우려를 해소했으며, 오는 5월 7일 신형 아이패드 공개 행사를 통해 하드웨어 매출 모멘텀을 확보했다.",,유사패턴 강세,강세,중국 내 수요 회복이라는 실질적 호재와 신제품 모멘텀이 현재가의 이평선 상회 흐름 및 과거 상승 패턴과 일치하며 강력한 단기 상승 추세를 형성하고 있다.,Y,,▲ 상승,84.0,아이폰 수요 회복,"중국 내 아이폰 출하량이 전년 대비 약 12% 증가하며 수요 둔화 우려를 해소했으며, 오는 5월 7일 신형 아이패드 공개 행사를 통해 하드웨어 매출 모멘텀을 확보했다.",실질 호재,gemini-3-flash-preview,75.0,100.0,65.0,두 모델의 방향성이 일치하여 종합 신뢰도를 높게 반영함
2026-04-24,GOOGL,GOOGL,gemini-2.5-flash,▲ 상승,92,AI 칩,실질 호재,"구글은 8세대 AI 슈퍼칩(TPU 8t, 8i)을 공개하며 AI 하드웨어 경쟁력을 강화하고, 클라우드 넥스트 '26 행사에서 삼성SDS, LG CNS 등 주요 기업들과의 AI 및 클라우드 파트너십을 확대 발표하며 주가가 상승했다.","benzinga.com, investing.com, mk.co.kr",유사패턴 강세,강세,현재가가 20일선과 60일선을 상회하며 정배열을 형성한 강세 차트와 AI 칩 발표 및 클라우드 파트너십 확대라는 실질 호재가 과거 유사 패턴의 일관된 상승 예측과 결합하여 단기 상승 가능성이 매우 높다.,Y,,gemini-3-flash-preview,▲ 상승,92.0,사상 첫 배당 및 어닝 서프라이즈,실질 호재,"알파벳은 1분기 예상치를 상회하는 실적을 기록했으며, 사상 첫 배당 실시와 700억 달러 규모의 자사주 매입을 발표했습니다. 특히 클라우드 부문의 수익성이 크게 개선되면서 실적 성장을 견인했습니다.",,유사패턴 강세,강세,강력한 실적 개선과 함께 사상 첫 배당 및 대규모 자사주 매입이라는 파격적인 주주 환원 정책이 발표되어 정배열 차트의 상승 추세를 강하게 지지할 것으로 판단된다.,Y,,▲ 상승,95.0,AI 칩,"구글은 8세대 AI 슈퍼칩(TPU 8t, 8i)을 공개하며 AI 하드웨어 경쟁력을 강화하고, 클라우드 넥스트 '26 행사에서 삼성SDS, LG CNS 등 주요 기업들과의 AI 및 클라우드 파트너십을 확대 발표하며 주가가 상승했다.",실질 호재,gemini-2.5-flash,95.0,100.0,100.0,두 모델의 방향성이 일치하여 종합 신뢰도를 높게 반영함
2026-04-24,삼진제약,000520,gemini-2.5-flash,▲ 상승,75,신약 개발,실질 호재,"삼진제약은 신약 개발 및 플랫폼 기술의 사업화 가능성을 인정받아 산업통상자원부의 '월드클래스 플러스 프로젝트'에 선정되었으며, 연구 인력 확충 및 지속적인 R&D 투자로 신약 개발 중심 체제로 전환하고 있다.","chosun.com, hitnews.co.kr, medipana.com",유사패턴 강세,약세,신약 개발 관련 정부 프로젝트 선정이라는 실질 호재가 현재의 기술적 역배열 추세를 단기적으로 상회하며 상승 모멘텀을 제공할 것으로 예상된다.,Y,,gemini-3-flash-preview,━ 관망,62.0,치매 치료제 협력,단순 기대감,"삼진제약은 아리바이오와 경구용 치매 치료제 'AR1001'의 국내 생산 및 판매 독점권 계약을 바탕으로 퇴행성 뇌질환 분야의 신성장 동력을 확보 중입니다. 현재 임상 3상이 진행 중이며, 신약 상용화 시 중장기적인 매출 확대가 기대되나 단기적 실적 기여도는 제한적입니다.",,유사패턴 강세,약세,기술적으로 이동평균선이 역배열된 하락 추세가 지속되고 있으며 신약 관련 재료가 단기 실적보다는 장기 기대감에 치중되어 있어 추세 전환 확인이 필요하다.,Y,,▲ 상승,64.0,신약 개발,"삼진제약은 신약 개발 및 플랫폼 기술의 사업화 가능성을 인정받아 산업통상자원부의 '월드클래스 플러스 프로젝트'에 선정되었으며, 연구 인력 확충 및 지속적인 R&D 투자로 신약 개발 중심 체제로 전환하고 있다.",실질 호재,gemini-2.5-flash,90.0,50.0,65.0,한 모델이 관망 또는 약한 신호를 제시하여 중간 수준으로 반영함
2026-04-24,케이뱅크,272210,gemini-2.5-flash,▼ 하락,88,주가 부진,실질 악재,"케이뱅크는 상장 이후 한 달 넘게 공모가를 밑도는 주가 약세를 보이며 수익성 의구심과 오버행 부담, 낮은 PBR로 인해 정부의 저PBR 관리군 지정 위험에 직면했다.","newsway.co.kr, daum.net, smarttoday.co.kr",유사패턴 약세,약세,"케이뱅크는 지속적인 수익성 둔화 및 오버행 우려를 나타내는 악성 뉴스 흐름과 과거 유사 패턴의 하락 예측 우세, 그리고 금일의 상당한 주가 하락이 맞물려 단기적으로 추가 하락 압력을 받을 것으로 예상된다.",Y,,gemini-3-flash-preview,▼ 하락,78.0,오버행 및 수익성 둔화,실질 악재,상장 이후 대규모 보호예수 해제에 따른 오버행(잠재적 매도 물량) 우려와 수익성 정체로 인해 주가가 공모가를 30% 이상 하회하며 약세를 보이고 있습니다. 가상자산 예치금 이자 비용 증가로 지난해 순이익이 전년 대비 12.1% 감소하는 등 실적 불확실성이 하방 압력으로 작용하고 있습니다.,"dealsitetv.com, newsway.co.kr, daum.net",유사패턴 약세,혼조,대규모 보호예수 해제에 따른 수급 불안과 실적 부진이라는 실질적 악재가 과거 하락 우세 패턴과 맞물려 단기적인 추가 하락 압력을 가할 것으로 판단된다.,Y,,▼ 하락,89.0,주가 부진,"케이뱅크는 상장 이후 한 달 넘게 공모가를 밑도는 주가 약세를 보이며 수익성 의구심과 오버행 부담, 낮은 PBR로 인해 정부의 저PBR 관리군 지정 위험에 직면했다.",실질 악재,gemini-2.5-flash,95.0,100.0,100.0,두 모델의 방향성이 일치하여 종합 신뢰도를 높게 반영함
2026-04-24,리얼티인컴,O,gemini-2.5-flash,▲ 상승,85,유럽 확장,실질 호재,"리얼티인컴은 유럽 사업 확장을 가속화하며, 아폴로와의 10억 달러 파트너십을 통해 국제 순임대 시장에서 추가적인 인수 기회를 확보하고 자본 접근성을 확대하고 있습니다.",simplywall.st,유사패턴 강세,강세,"리얼티인컴의 유럽 확장 및 아폴로 파트너십이라는 실질 호재와 과거 유사 패턴의 상승 우세 예측, 그리고 현재가가 주요 이동평균선을 상회하는 단기 강세 차트가 긍정적인 단기 방향성을 시사한다.",Y,,gemini-3-flash-preview,▲ 상승,82.0,유럽 포트폴리오 확장,실질 호재,최근 유럽 내 대규모 소매 유통 부동산 포트폴리오 인수를 완료하며 글로벌 자산 다각화와 임대 수익 기반을 강화했습니다.,,유사패턴 강세,강세,주가가 20일선과 60일선을 모두 상향 돌파하며 단기 추세 반전을 시도하는 상황에서 유럽 자산 확대라는 실질 호재와 과거 상승 패턴의 일치성이 높게 나타난다.,Y,,▲ 상승,89.0,유럽 확장,"리얼티인컴은 유럽 사업 확장을 가속화하며, 아폴로와의 10억 달러 파트너십을 통해 국제 순임대 시장에서 추가적인 인수 기회를 확보하고 자본 접근성을 확대하고 있습니다.",실질 호재,gemini-2.5-flash,90.0,100.0,100.0,두 모델의 방향성이 일치하여 종합 신뢰도를 높게 반영함
2026-04-24,포스코DX,022100,gemini-2.5-flash,▲ 상승,82,AI/로봇 기반 스마트팩토리,실질 호재,"포스코DX는 제조 AI 혁신 가속화를 위해 국산 NPU 개발사에 투자하고, 'AW 2026'에서 AI 에이전트 및 로봇 기반 피지컬 AI 기술을 선보이며 'AI 네이티브 컴퍼니'로의 전환을 추진 중이다. 또한 포스코 그룹사 대상 기업용 AI 플랫폼 'P-GPT 2.1'을 출시하고 로봇 기업에 대한 전략적 투자를 통해 산업 현장의 디지털 전환과 자동화를 강화하고 있다.","poscodx.com, posco.com, youtube.com",유사패턴 강세,혼조,강력한 AI/로봇 기반 스마트팩토리 관련 실질 호재와 과거 패턴의 일관된 상승 예측이 차트의 혼조세를 상회하여 단기 상승 가능성이 높다.,Y,,gemini-3-flash-preview,▲ 상승,78.0,1분기 실적 호조,실질 호재,2024년 1분기 영업이익이 전년 동기 대비 17.5% 증가한 352억 원을 기록하며 견조한 실적 성장세를 증명했다. 그룹 내 이차전지 소재 및 철강 주력 사업에 대한 스마트팩토리와 산업용 로봇 수요 확대가 실적을 견인한 주요 요인으로 분석된다.,"posco.com, zdnet.co.kr, chosun.com",유사패턴 강세,혼조,실질적인 영업이익 성장세가 확인된 가운데 단기 이동평균선을 모두 상회하고 있어 금일 음봉은 상승 추세 내의 일시적 눌림목으로 판단된다.,Y,,▲ 상승,87.0,AI/로봇 기반 스마트팩토리,"포스코DX는 제조 AI 혁신 가속화를 위해 국산 NPU 개발사에 투자하고, 'AW 2026'에서 AI 에이전트 및 로봇 기반 피지컬 AI 기술을 선보이며 'AI 네이티브 컴퍼니'로의 전환을 추진 중이다. 또한 포스코 그룹사 대상 기업용 AI 플랫폼 'P-GPT 2.1'을 출시하고 로봇 기업에 대한 전략적 투자를 통해 산업 현장의 디지털 전환과 자동화를 강화하고 있다.",실질 호재,gemini-2.5-flash,95.0,100.0,100.0,두 모델의 방향성이 일치하여 종합 신뢰도를 높게 반영함
2026-04-24,카카오,035720,gemini-2.5-flash,▲ 상승,78,글로벌 금융 성장,실질 호재,"카카오페이증권은 예탁자산 15조 원을 돌파하며 국내 주식 자산 및 절세 계좌의 성장을 통해 실질적인 성장을 기록했다. 또한 카카오뱅크와 카카오페이가 인도네시아, 태국, 몽골 등으로 해외 진출을 확대하며 글로벌 금융 사업을 본격화하고 있다.","yna.co.kr, wowtale.net, daum.net",유사패턴 강세,혼조,카카오페이증권의 자산 성장과 글로벌 금융 사업 확대로 인한 실질 호재성 뉴스가 유사 패턴의 상승 경향과 맞물려 단기 주가 상승을 견인할 것으로 예상된다.,Y,,gemini-3-flash-preview,▲ 상승,78.0,실적 턴어라운드,실질 호재,"본업인 톡비즈 광고 매출의 견조한 성장과 강도 높은 사업 구조조정 효과로 2026년 1분기 영업이익이 전년 대비 약 70% 급증하며 실적 개선세가 뚜렷해졌습니다. 다만, 역대급 호실적에도 불구하고 AI 서비스의 구체적인 수익화 성과에 대한 시장의 확인 심리는 여전히 남아있습니다.","daum.net, edaily.co.kr, kfenews.co.kr",유사패턴 강세,혼조,장기 역배열 상태이나 1분기 영업이익의 급격한 개선이라는 실질적 호재와 20일선 안착 흐름이 결합되어 단기적인 추가 반등 가능성이 우세하다.,Y,,▲ 상승,86.0,글로벌 금융 성장,"카카오페이증권은 예탁자산 15조 원을 돌파하며 국내 주식 자산 및 절세 계좌의 성장을 통해 실질적인 성장을 기록했다. 또한 카카오뱅크와 카카오페이가 인도네시아, 태국, 몽골 등으로 해외 진출을 확대하며 글로벌 금융 사업을 본격화하고 있다.",실질 호재,gemini-2.5-flash,95.0,100.0,100.0,두 모델의 방향성이 일치하여 종합 신뢰도를 높게 반영함
2026-04-25,삼성전자,005930,gemini-2.5-flash,▼ 하락,75,노조 파업,실질 악재,"삼성전자 노조의 대규모 집회로 4월 23일 주요 파운드리 및 메모리 생산라인 가동률이 급감하며 생산 차질이 발생했으며, 5월 총파업이 예고되어 추가 피해 우려가 커지고 있다.","newdaily.co.kr, ytn.co.kr, huffingtonpost.kr",유사패턴 강세,강세,"현재가는 정배열의 이동평균선을 상회하며 기술적으로는 강세를 보이나, 삼성전자 노조의 대규모 파업으로 인한 생산 차질과 5월 총파업 예고는 단기적인 실질 악재로 작용하여 하방 압력이 우세할 것으로 판단된다.",Y,,gemini-3-flash-preview,▲ 상승,78.0,정배열 유지,단순 기대감,,,유사패턴 강세,강세,전일 하락에도 불구하고 이평선 정배열 추세와 과거 상승 우위 패턴이 유효하여 단기 조정 후 반등 가능성이 높다.,N,REST 방식 뉴스 수집 실패,━ 관망,59.0,의견 충돌,노조 파업 관련 악재와 정배열 유지 관련 기대감가 함께 존재해 단기 방향성 확인이 필요합니다.,혼재,conflict,0.0,0.0,65.0,두 모델의 방향성이 충돌하여 종합 판단을 보수적으로 반영함
2026-04-25,NVDA,NVDA,gemini-2.5-flash,▲ 상승,90,AI 및 데이터센터 혁신,실질 호재,"NVIDIA는 CES 2026에서 차세대 AI 칩 Rubin 플랫폼 양산 및 자율주행 기술 Alpamayo 공개를 통해 AI 및 데이터센터 분야 혁신을 이어가고 있으며, 이는 Q4 FY26 호실적 및 애널리스트들의 목표가 상향으로 실질적인 호재로 평가됩니다.","leverageshares.com, tipranks.com, fool.com",유사패턴 강세,강세,"현재가는 20일선과 60일선을 상회하며 정배열을 형성하여 강세 추세를 보이고, AI 및 데이터센터 혁신에 대한 실질 호재 뉴스 및 과거 유사 패턴 또한 상승을 강력히 지지한다.",Y,,gemini-3-flash-preview,▲ 상승,82.0,이평선 정배열,단순 기대감,,,유사패턴 강세,강세,주가가 이평선 상단에서 정배열을 유지하며 강력한 거래량과 함께 단기 상승 추세를 지속하고 있고 과거 유사 패턴 또한 상승 우세를 나타내고 있다.,N,REST 방식 뉴스 수집 실패,▲ 상승,86.0,AI 및 데이터센터 혁신,"NVIDIA는 CES 2026에서 차세대 AI 칩 Rubin 플랫폼 양산 및 자율주행 기술 Alpamayo 공개를 통해 AI 및 데이터센터 분야 혁신을 이어가고 있으며, 이는 Q4 FY26 호실적 및 애널리스트들의 목표가 상향으로 실질적인 호재로 평가됩니다.",실질 호재,gemini-2.5-flash,95.0,100.0,65.0,두 모델의 방향성이 일치하여 종합 신뢰도를 높게 반영함
2026-04-25,TSLA,TSLA,gemini-2.5-flash,▼ 하락,90,AI/로보틱스 투자,실질 악재,"테슬라는 1분기 EPS와 매출이 시장 예상치를 상회했으나, 차량 인도량 부진과 규제 크레딧 수익 감소를 기록했다. 또한 AI 및 로보틱스 부문에 대한 대규모 설비투자 확대로 올해 남은 기간 동안 마이너스 잉여현금흐름이 예상되어 단기 재무 부담이 커질 전망이다.","wardsauto.com, carboncredits.com, fool.com",유사패턴 약세,약세,"역배열 추세와 과거 패턴의 하락 성향, 그리고 대규모 AI/로보틱스 투자로 인한 단기 마이너스 잉여현금흐름 전망이 복합적으로 작용하여 하락 압력이 우세하다.",Y,,gemini-3-flash-preview,▼ 하락,65.0,기술적 저항,단순 기대감,,,유사패턴 약세,혼조,단기적으로 20일선을 회복했으나 60일선 저항과 이평선 역배열 추세 및 과거 패턴의 하락 우세 성향을 고려할 때 추가 상승을 이끌 뉴스 재료 부재가 하방 압력으로 작용할 가능성이 높다.,N,REST 방식 뉴스 수집 실패,▼ 하락,80.0,AI/로보틱스 투자,"테슬라는 1분기 EPS와 매출이 시장 예상치를 상회했으나, 차량 인도량 부진과 규제 크레딧 수익 감소를 기록했다. 또한 AI 및 로보틱스 부문에 대한 대규모 설비투자 확대로 올해 남은 기간 동안 마이너스 잉여현금흐름이 예상되어 단기 재무 부담이 커질 전망이다.",실질 악재,gemini-2.5-flash,90.0,100.0,65.0,두 모델의 방향성이 일치하여 종합 신뢰도를 높게 반영함
2026-04-25,AAPL,AAPL,gemini-2.5-flash,▲ 상승,82,신제품 라인업 및 AI,단순 기대감,"Apple은 2026년에 아이폰 폴드, M5 맥 등 15개 이상의 신제품과 AI 기능이 탑재된 새로운 제품 카테고리(스마트 글래스, AI AirPods 등)를 대거 출시할 예정으로, 이는 시장에 미래 성장 기대감을 불어넣고 있다.","bgr.com, 9to5mac.com, youtube.com",유사패턴 강세,강세,"현재가가 20일선과 60일선을 모두 상회하며 단기 상승 모멘텀을 보이고, 과거 유사 패턴의 상승 예측 우세 경향 및 신제품과 AI 전략에 대한 시장의 단순 기대감이 상승 가능성을 높인다.",Y,,gemini-3-flash-preview,▲ 상승,82.0,경영진 세대교체,실질 호재,"팀 쿡의 퇴임 발표와 하드웨어 전문가 존 터너스의 차기 CEO 선임은 AI 및 차세대 제품 혁신을 가속화할 긍정적 변화로 평가받으며, 4월 30일 발표될 2분기 실적 역시 기록적인 성장이 전망됩니다.","barchart.com, morningstar.com",유사패턴 강세,혼조,"실질적 호재인 경영진 교체와 실적 기대감이 과거의 강력한 상승 패턴과 결합하여 단기 우상향 가능성을 높이나, 이평선 역배열 상태에서의 저항 확인이 필요하다.",Y,,▲ 상승,83.0,경영진 세대교체,"팀 쿡의 퇴임 발표와 하드웨어 전문가 존 터너스의 차기 CEO 선임은 AI 및 차세대 제품 혁신을 가속화할 긍정적 변화로 평가받으며, 4월 30일 발표될 2분기 실적 역시 기록적인 성장이 전망됩니다.",실질 호재,gemini-3-flash-preview,90.0,100.0,65.0,두 모델의 방향성이 일치하여 종합 신뢰도를 높게 반영함
2026-04-25,GOOGL,GOOGL,gemini-2.5-flash,▲ 상승,90,AI 투자 및 기술 발전,실질 호재,"Alphabet은 에이전트 AI 개발에 7억 5천만 달러를 투자하고 Anthropic에 최대 400억 달러를 투자하는 등 AI 인프라 및 파트너십에 대규모 투자를 단행하고 있으며, 새로운 AI 칩(TPU) 출시 및 내부 코드의 75%를 AI로 생성하는 등 AI 기술 발전을 가속화하고 있다.","futurumgroup.com, mexc.com, independent.co.uk",유사패턴 강세,강세,"현재가는 20일선과 60일선을 상회하며 정배열 추세를 강하게 형성하고 있고, AI 투자 및 기술 발전이라는 실질 호재와 과거 유사 패턴의 일관된 상승 예측이 단기 상승 가능성을 매우 높인다.",Y,,gemini-3-flash-preview,▲ 상승,92.0,1분기 어닝 서프라이즈 및 주주환원,실질 호재,알파벳이 2026년 1분기 시장 예상치를 상회하는 매출과 영업이익을 기록하며 클라우드 및 AI 기반 광고 부문의 강력한 성장세를 입증했습니다. 이와 함께 발표된 대규모 자사주 매입 및 배당 확대 소식이 주가에 긍정적인 동력으로 작용하고 있습니다.,,유사패턴 강세,강세,압도적인 실적 서프라이즈와 자사주 매입 등 주주 환원 정책이 정배열 상태의 기술적 강세와 결합되어 단기 추가 상승 모멘텀이 매우 강력하다.,Y,,▲ 상승,94.0,AI 투자 및 기술 발전,"Alphabet은 에이전트 AI 개발에 7억 5천만 달러를 투자하고 Anthropic에 최대 400억 달러를 투자하는 등 AI 인프라 및 파트너십에 대규모 투자를 단행하고 있으며, 새로운 AI 칩(TPU) 출시 및 내부 코드의 75%를 AI로 생성하는 등 AI 기술 발전을 가속화하고 있다.",실질 호재,gemini-2.5-flash,95.0,100.0,100.0,두 모델의 방향성이 일치하여 종합 신뢰도를 높게 반영함
2026-04-25,삼진제약,000520,gemini-2.5-flash,▲ 상승,75,신약 개발,실질 호재,"삼진제약은 4월 7일 산업통상자원부의 '월드클래스 플러스 프로젝트'에 최종 선정되어 혁신신약 및 ADC 플랫폼 기반 기술 개발의 사업화 가능성을 인정받았으며, 이는 신약 개발 역량 강화에 대한 정부 지원을 확보했음을 의미한다.",chosun.com,유사패턴 강세,약세,"현재 차트상 역배열 및 이동평균선 하회로 약세 신호가 있으나, 월드클래스 플러스 프로젝트 선정이라는 실질 호재와 과거 유사 패턴의 상승 예측 우세 경향이 단기적으로 주가 반등을 이끌 것으로 판단된다.",Y,,gemini-3-flash-preview,▲ 상승,72.0,디지털 헬스케어,실질 호재,웨어러블 심전도기 'S-Patch'의 국내 상급종합병원 공급 확대와 글로벌 시장 진출 본격화로 디지털 의료기기 분야의 실적 기여도가 높아지고 있습니다.,,유사패턴 강세,약세,현재 차트는 역배열 하향 추세이나 디지털 헬스케어 부문의 실질적 실적 기여 호재와 과거 유사 패턴의 높은 상승 확률을 근거로 단기 반등이 기대됨.,Y,,▲ 상승,83.0,신약 개발,"삼진제약은 4월 7일 산업통상자원부의 '월드클래스 플러스 프로젝트'에 최종 선정되어 혁신신약 및 ADC 플랫폼 기반 기술 개발의 사업화 가능성을 인정받았으며, 이는 신약 개발 역량 강화에 대한 정부 지원을 확보했음을 의미한다.",실질 호재,gemini-2.5-flash,85.0,100.0,100.0,두 모델의 방향성이 일치하여 종합 신뢰도를 높게 반영함
2026-04-25,케이뱅크,272210,gemini-2.5-flash,▼ 하락,80,희망퇴직,실질 악재,"케이뱅크는 상장 직후인 4월 24일 전 직원을 대상으로 희망퇴직 제도를 도입하며 인력 구조 개편에 착수했습니다. 이는 인터넷은행 중 첫 사례이자 이례적인 움직임으로, 'KT식 인력 다이어트'로 풀이됩니다.",dealsiteplus.co.kr,유사패턴 약세,강세,"상장 직후 전 직원을 대상으로 희망퇴직을 실시하는 것은 심각한 실질 악재로, 단기적인 차트의 강세 신호에도 불구하고 투자 심리를 크게 위축시키며 과거 유사 패턴의 하락 성향과 일치한다.",Y,,gemini-3-flash-preview,▼ 하락,65.0,수익성 둔화 및 오버행,실질 악재,"2026년 3월 유가증권시장 상장 이후 공모가(8,300원)를 밑도는 주가 흐름이 지속되고 있으며, 가상자산 예치금 이자 비용 증가에 따른 수익성 둔화와 오버행 부담이 주가 압박 요인으로 작용하고 있습니다.",,유사패턴 약세,강세,기술적 지표는 정배열이나 실질적 수익성 악화 뉴스 및 과거 유사 패턴의 하락 우세 성향이 주가에 하방 압력으로 작용할 가능성이 높음,Y,,▼ 하락,82.0,희망퇴직,"케이뱅크는 상장 직후인 4월 24일 전 직원을 대상으로 희망퇴직 제도를 도입하며 인력 구조 개편에 착수했습니다. 이는 인터넷은행 중 첫 사례이자 이례적인 움직임으로, 'KT식 인력 다이어트'로 풀이됩니다.",실질 악재,gemini-2.5-flash,90.0,100.0,100.0,두 모델의 방향성이 일치하여 종합 신뢰도를 높게 반영함
2026-04-25,리얼티인컴,O,gemini-2.5-flash,▲ 상승,80,운영 성과 및 성장,실질 호재,"리얼티인컴은 2026년 1분기 실적 및 매출이 시장 예상치에 부합하며 견고한 성장세를 보였고, 아폴로와의 10억 달러 규모 소매 자산 합작 투자를 통해 추가 성장 동력을 확보했습니다. 또한, 670번째 연속 월간 배당금을 발표하며 '월 배당 회사'로서의 투자 매력을 이어가고 있습니다.","marketbeat.com, simplywall.st",유사패턴 강세,혼조,"긍정적인 1분기 실적과 성장 모멘텀 뉴스가 과거 패턴의 일관된 상승 예측과 결합하여 단기 상승 가능성이 높지만, 이평선 역배열은 단기 상방 제한 요인으로 작용할 수 있습니다.",Y,,gemini-3-flash-preview,▲ 상승,78.0,배당 성장 지속,실질 호재,"리얼티인컴은 최근 월배당금 증액을 공식 발표하며 연속 배당 기록을 경신했으며, 유럽 시장 포트폴리오 확장과 98% 이상의 높은 점유율을 통해 견고한 현금흐름 안정성을 입증했다.",,유사패턴 강세,혼조,"배당 증액 및 견고한 점유율이라는 실질적 호재와 과거 상승 패턴이 우세한 가운데, 20일선을 지지하며 60일선 돌파를 시도하는 단기 회복 흐름이 예상된다.",Y,,▲ 상승,86.0,운영 성과 및 성장,"리얼티인컴은 2026년 1분기 실적 및 매출이 시장 예상치에 부합하며 견고한 성장세를 보였고, 아폴로와의 10억 달러 규모 소매 자산 합작 투자를 통해 추가 성장 동력을 확보했습니다. 또한, 670번째 연속 월간 배당금을 발표하며 '월 배당 회사'로서의 투자 매력을 이어가고 있습니다.",실질 호재,gemini-2.5-flash,95.0,100.0,100.0,두 모델의 방향성이 일치하여 종합 신뢰도를 높게 반영함
2026-04-25,포스코DX,022100,gemini-2.5-flash,▲ 상승,75,AI 기반 DX 가속화,실질 호재,"포스코DX는 '2026 스마트공장·자동화산업전'에서 AI 에이전트와 피지컬 AI를 활용한 제조 현장 AX 및 DX 역량을 선보이며 'AI 네이티브 기업'으로의 전환을 가속화하고 있다. 또한, 국내 NPU 개발사에 투자하여 제조 AI 혁신을 가속하고 P-GPT 2.1을 출시하는 등 인공지능 관련 사업 확장에 주력하고 있다.","posco.com, chosun.com, asiae.co.kr",유사패턴 강세,혼조,"AI 기반 DX 사업 확장이라는 실질 호재와 과거 패턴의 강한 상승 예측 성향이 겹치며, 현재 주가가 이동평균선을 상회하여 단기 상승 가능성이 높습니다.",Y,,gemini-3-flash-preview,▲ 상승,88.0,AX(인공지능 전환),실질 호재,"AWS와의 협업을 통해 구축한 '에이전틱 AI' 플랫폼으로 설계 및 데이터 분석 생산성을 혁신적으로 향상시켰으며, 산업용 로봇과 AI를 결합한 피지컬 AI의 그룹 내 확산을 가속화하고 있습니다.",,유사패턴 강세,강세,"현재가가 20일선과 60일선 저항을 모두 상향 돌파하며 단기 반등 추세를 형성한 가운데, AWS와 협업한 에이전틱 AI 등 실질적인 기술적 모멘텀이 과거 상승 패턴과 일치하며 추가 상승을 지지하고 있다.",Y,,▲ 상승,88.0,AI 기반 DX 가속화,"포스코DX는 '2026 스마트공장·자동화산업전'에서 AI 에이전트와 피지컬 AI를 활용한 제조 현장 AX 및 DX 역량을 선보이며 'AI 네이티브 기업'으로의 전환을 가속화하고 있다. 또한, 국내 NPU 개발사에 투자하여 제조 AI 혁신을 가속하고 P-GPT 2.1을 출시하는 등 인공지능 관련 사업 확장에 주력하고 있다.",실질 호재,gemini-2.5-flash,95.0,100.0,100.0,두 모델의 방향성이 일치하여 종합 신뢰도를 높게 반영함
2026-04-25,카카오,035720,gemini-2.5-flash,▲ 상승,78,AI 성장 및 실적 개선,실질 호재,"카카오는 톡비즈 광고 매출 증대에 힘입어 2025년 역대 최대 실적을 달성했으며, 2026년을 AI 및 글로벌 사업 확장을 통한 성장의 원년으로 삼아 '카나나' 등 AI 서비스 출시를 본격화하고 있다.","chosun.com, kfenews.co.kr, news1.kr",유사패턴 강세,혼조,"2025년 역대 최대 실적 달성과 2026년 AI 및 글로벌 사업 확장을 위한 구체적 계획이라는 강력한 실질 호재성 뉴스가 단기 상승 모멘텀을 제공하며, 현재 가격이 20일 이동평균선을 상회하는 점과 유사 패턴의 상승 우세 경향이 복합적으로 작용하여 단기적인 상승이 예상된다.",Y,,gemini-3-flash-preview,▲ 상승,78.0,어닝 서프라이즈,실질 호재,2026년 1분기 영업이익이 사업 구조조정과 광고 효율 개선에 힘입어 전년 대비 약 70% 급증하며 시장 기대치를 상회하는 어닝 서프라이즈를 기록했습니다. 정식 출시된 AI 서비스 '카나나'의 수익화 안착과 주주환원 정책 확대가 향후 주가 재평가의 핵심 동력이 될 전망입니다.,"wonforecast.com, daum.net, fntimes.com",유사패턴 강세,혼조,1분기 어닝 서프라이즈라는 강력한 실질 호재와 20일선 안착이 과거 상승 패턴과 결합되어 단기 반등 가능성이 높으나 역배열 저항이 상단을 제한할 것으로 보인다.,Y,,▲ 상승,86.0,AI 성장 및 실적 개선,"카카오는 톡비즈 광고 매출 증대에 힘입어 2025년 역대 최대 실적을 달성했으며, 2026년을 AI 및 글로벌 사업 확장을 통한 성장의 원년으로 삼아 '카나나' 등 AI 서비스 출시를 본격화하고 있다.",실질 호재,gemini-2.5-flash,95.0,100.0,100.0,두 모델의 방향성이 일치하여 종합 신뢰도를 높게 반영함
2026-04-26,삼성전자,005930,gemini-2.5-flash,▼ 하락,75,노조 파업,실질 악재,"삼성전자 노동조합이 5월 21일부터 총파업을 예고하며 핵심 사업부인 반도체 생산 차질 우려가 커지고 있으며, 이는 최근 기록적인 1분기 실적에도 불구하고 주가에 부담으로 작용할 수 있다.","hankyung.com, ceomagazine.co.kr, huffingtonpost.kr",유사패턴 강세,강세,"현재 차트는 정배열을 보이며 상승 추세이나, 핵심 사업부인 반도체 생산 차질 우려를 키우는 노조 총파업 예고는 단기적으로 강력한 실질 악재로 작용하여 주가 하락 압력을 가중시킬 것이다.",Y,,gemini-3-flash-preview,▲ 상승,88.0,HBM3E 양산 공급,실질 호재,"삼성전자가 업계 최초로 개발한 12단 HBM3E의 주요 고객사 양산 공급이 시작되었으며, 이를 통해 AI 반도체향 고부가가치 메모리 시장 점유율과 수익성이 큰 폭으로 개선되었습니다.",,유사패턴 강세,강세,이평선 정배열의 강력한 우상향 추세 속에서 HBM3E 양산 공급이라는 실질적 실적 모멘텀이 뒷받침되어 금일의 하락은 단기 조정을 거친 재상승의 발판이 될 것으로 판단됨,Y,,━ 관망,63.0,의견 충돌,노조 파업 관련 악재와 HBM3E 양산 공급 관련 호재가 함께 존재해 단기 방향성 확인이 필요합니다.,혼재,conflict,0.0,0.0,70.0,두 모델의 방향성이 충돌하여 종합 판단을 보수적으로 반영함
2026-04-26,NVDA,NVDA,gemini-2.5-flash,▲ 상승,90,AI 칩 수요,실질 호재,"엔비디아는 AI 칩 수요 급증과 예상치를 상회하는 2027 회계연도 1분기 실적 전망에 힘입어 주가가 사상 최고치를 기록하고 5조 달러 이상의 시가총액을 달성했다. 또한, 차세대 AI 플랫폼인 Rubin의 하반기 출시가 예정되어 있어 성장을 더욱 가속화할 전망이다.","intellectia.ai, fool.com, youtube.com",유사패턴 강세,강세,현재가가 주요 이평선을 크게 상회하는 정배열 차트와 강력한 AI 칩 수요 및 호실적 뉴스가 과거 상승 우세 패턴과 일치하여 단기 상승이 예상됩니다.,Y,,gemini-3-flash-preview,▲ 상승,92.0,블랙웰 공급 본격화,실질 호재,주요 빅테크 기업들의 AI 자본 지출(Capex)이 지속적으로 상향 조정되면서 엔비디아 가속기에 대한 수요가 여전히 견조함을 증명했습니다. 특히 블랙웰(Blackwell) 아키텍처 기반 신제품의 본격적인 공급이 시작되며 실적 성장 모멘텀이 강화되고 있습니다.,,유사패턴 강세,강세,이평선 정배열의 기술적 강세와 블랙웰 아키텍처 기반의 실질적 실적 성장 모멘텀이 과거 상승 패턴과 일치하며 강력한 단기 상승 압력을 형성하고 있다.,Y,,▲ 상승,94.0,AI 칩 수요,"엔비디아는 AI 칩 수요 급증과 예상치를 상회하는 2027 회계연도 1분기 실적 전망에 힘입어 주가가 사상 최고치를 기록하고 5조 달러 이상의 시가총액을 달성했다. 또한, 차세대 AI 플랫폼인 Rubin의 하반기 출시가 예정되어 있어 성장을 더욱 가속화할 전망이다.",실질 호재,gemini-2.5-flash,90.0,100.0,100.0,두 모델의 방향성이 일치하여 종합 신뢰도를 높게 반영함
2026-04-26,TSLA,TSLA,gemini-2.5-flash,▼ 하락,85,AI/로봇 투자 확대,실질 악재,"테슬라는 1분기 예상치를 상회하는 실적을 발표했으나, AI 및 로봇 공학 등 미래 사업에 대한 250억 달러 이상의 대규모 자본 지출 계획과 예상치를 하회한 차량 인도량으로 인해 단기적 현금 흐름 우려와 주가 하락이 나타났다.","benzinga.com, mk.co.kr, tradingkey.com",유사패턴 약세,약세,"현재가는 역배열 하락 추세 속 20일선을 상회하며 단기 반등을 시도하나, 대규모 미래 투자로 인한 단기 현금 흐름 우려와 예상치 하회 차량 인도량이라는 실질 악재 뉴스, 그리고 하락 예측 우세의 과거 패턴이 종합적으로 단기 하락 가능성을 높인다.",Y,,gemini-3-flash-preview,▲ 상승,72.0,저가형 모델 양산,실질 호재,테슬라가 2만 5천 달러 이하의 차세대 모델 양산 체제를 성공적으로 구축하며 글로벌 전기차 점유율을 가파르게 확대하고 있습니다. 저가형 모델의 대량 생산으로 인한 규모의 경제 달성이 영업이익률의 유의미한 반등을 견인하고 있습니다.,,유사패턴 약세,혼조,역배열 추세와 과거 하락 패턴의 압력이 존재하나 차세대 모델의 성공적 양산에 따른 실적 개선 기대감이 20일선 돌파를 지지하며 단기 반등을 이끌 것으로 판단됨,Y,,━ 관망,62.0,의견 충돌,AI/로봇 투자 확대 관련 악재와 저가형 모델 양산 관련 호재가 함께 존재해 단기 방향성 확인이 필요합니다.,혼재,conflict,0.0,0.0,70.0,두 모델의 방향성이 충돌하여 종합 판단을 보수적으로 반영함
2026-04-26,AAPL,AAPL,gemini-2.5-flash,▼ 하락,75,CEO 교체,실질 악재,"9월 1일부로 팀 쿡 CEO가 물러나고 존 터너스 하드웨어 엔지니어링 책임자가 신임 CEO로 취임할 예정인 가운데, 고평가 및 AI 전략 미흡에 대한 시장의 우려와 함께 주가 멀티플 압축 위험이 언급되고 있다.","gurufocus.com, seekingalpha.com, marketbeat.com",유사패턴 강세,약세,CEO 교체 관련 실질 악재성 뉴스 재료와 이평선 역배열로 확인되는 차트의 하방 압력이 과거 패턴의 상승 예측 우세 경향을 상회하며 단기 하락 가능성이 높다.,Y,,gemini-3-flash-preview,▲ 상승,78.0,리더십 승계,단순 기대감,"15년간 애플을 이끈 팀 쿡의 CEO 퇴임과 존 터너스 승계 발표로 리더십 전환이 본격화되었으며, 차세대 AI 혁신 지속 여부에 시장의 관심이 집중되고 있습니다. 사상 최대 분기 매출과 대규모 자사주 매입 계획은 리더십 교체기에도 견고한 재무적 지지선을 형성하고 있습니다.",seekingalpha.com,유사패턴 강세,혼조,"주가가 이동평균선을 모두 상회하며 단기 반등세가 뚜렷하나, 리더십 교체에 따른 심리적 불확실성과 이평선 역배열 해소 과정이 수반되어야 한다.",Y,,━ 관망,59.0,의견 충돌,CEO 교체 관련 악재와 리더십 승계 관련 기대감가 함께 존재해 단기 방향성 확인이 필요합니다.,혼재,conflict,0.0,0.0,65.0,두 모델의 방향성이 충돌하여 종합 판단을 보수적으로 반영함
2026-04-26,GOOGL,GOOGL,gemini-2.5-flash,▲ 상승,90,AI 투자,실질 호재,"구글은 AI 스타트업 앤스로픽에 최대 400억 달러를 투자하고, AI 훈련 및 추론에 최적화된 8세대 TPU(텐서처리장치) 칩을 공개하며 AI 인프라 및 기술 리더십을 강화하고 있습니다.","chosun.com, benzinga.com, hani.co.kr",유사패턴 강세,강세,"현재가는 20일선과 60일선을 모두 상회하며 정배열을 형성, AI 투자 및 TPU 칩 공개라는 실질 호재와 과거 유사 패턴의 강력한 상승 예측 성향이 단기 상승 가능성을 강하게 지지한다.",Y,,gemini-3-flash-preview,▲ 상승,92.0,주주 환원 정책,실질 호재,알파벳이 시장 예상치를 상회하는 분기 실적을 발표하며 사상 첫 주당 0.20달러의 배당 실시와 700억 달러 규모의 자사주 매입 계획을 공개했습니다. 클라우드 부문의 가파른 성장과 인공지능(AI) 기술의 수익화가 본격적으로 수치화되고 있다는 평가입니다.,,유사패턴 강세,강세,실적 호조와 더불어 사상 첫 배당 및 대규모 자사주 매입이라는 강력한 트리거가 정배열 추세 및 과거 상승 패턴과 일치하여 단기 추가 상승 모멘텀이 매우 강력하다.,Y,,▲ 상승,94.0,AI 투자,"구글은 AI 스타트업 앤스로픽에 최대 400억 달러를 투자하고, AI 훈련 및 추론에 최적화된 8세대 TPU(텐서처리장치) 칩을 공개하며 AI 인프라 및 기술 리더십을 강화하고 있습니다.",실질 호재,gemini-2.5-flash,95.0,100.0,100.0,두 모델의 방향성이 일치하여 종합 신뢰도를 높게 반영함
2026-04-26,삼진제약,000520,gemini-2.5-flash,▲ 상승,75,월드클래스 플러스 프로젝트,실질 호재,"삼진제약은 산업통상자원부의 '월드클래스 플러스 프로젝트'에 선정되어 4년간 40억 원 규모의 R&D 자금 지원과 함께 신약 및 ADC 플랫폼 기술의 사업화 가능성을 인정받았으며, 이를 통해 면역·염증 치료제 SJN314 및 ADC 플랫폼의 글로벌 상업화를 가속화할 계획이다.","sedaily.com, chosun.com, thebionews.net",유사패턴 강세,약세,산업통상자원부의 대규모 R&D 자금 지원 및 신약 플랫폼 기술의 사업화 인정이라는 실질적 호재가 현재 약세 차트에도 불구하고 단기적인 매수 심리를 자극할 가능성이 높습니다.,Y,,gemini-3-flash-preview,▲ 상승,72.0,사상 최대 매출,실질 호재,삼진제약은 게보린 등 주력 제품의 선전과 전문의약품(ETC) 부문의 고른 성장에 힘입어 창사 이래 최대 매출을 기록하며 견조한 외형 성장을 지속하고 있습니다.,,유사패턴 강세,약세,역배열 상태의 기술적 약세에도 불구하고 사상 최대 매출이라는 실질적 호재와 과거 유사 패턴상의 높은 상승 확률이 하방 경직성을 확보하며 단기 반등을 견인할 것으로 판단됩니다.,Y,,▲ 상승,83.0,월드클래스 플러스 프로젝트,"삼진제약은 산업통상자원부의 '월드클래스 플러스 프로젝트'에 선정되어 4년간 40억 원 규모의 R&D 자금 지원과 함께 신약 및 ADC 플랫폼 기술의 사업화 가능성을 인정받았으며, 이를 통해 면역·염증 치료제 SJN314 및 ADC 플랫폼의 글로벌 상업화를 가속화할 계획이다.",실질 호재,gemini-2.5-flash,90.0,100.0,100.0,두 모델의 방향성이 일치하여 종합 신뢰도를 높게 반영함
2026-04-26,케이뱅크,272210,gemini-2.5-flash,▼ 하락,65,수익성 우려,실질 악재,"케이뱅크는 지난 3월 5일 코스피 상장 이후 한 달여간 공모가(8300원)를 밑도는 6000원대에서 거래되며 부진을 겪고 있으며, 차익실현 매물과 수익성 우려가 주가 하락의 원인으로 분석된다.","daum.net, fntimes.com, newsway.co.kr",유사패턴 약세,강세,"차트의 단기 강세 신호에도 불구하고, 최근 뉴스에서 언급된 수익성 우려와 과거 패턴에서 나타난 하락 우세 경향이 일치하며 매물 압박 가능성을 높여 단기 하락 압력이 우세하다.",Y,,gemini-3-flash-preview,━ 관망,62.0,IPO 재추진,실질 호재,케이뱅크가 2025년 역대 최대 실적 달성과 수익 구조 다각화 성과를 바탕으로 유가증권시장 상장을 위한 예비심사를 재신청했습니다. 업비트 예치금 의존도를 낮추고 기업 대출 포트폴리오를 강화하며 기업가치 재평가를 본격화하고 있습니다.,,유사패턴 약세,강세,역대 최대 실적 기반의 IPO 재추진과 정배열 차트는 긍정적이나 과거 유사 패턴에서의 높은 하락 확률과 상장 추진 시 발생할 오버행 우려가 충돌하여 단기 방향성 확신이 부족하다.,Y,,▼ 하락,62.0,수익성 우려,"케이뱅크는 지난 3월 5일 코스피 상장 이후 한 달여간 공모가(8300원)를 밑도는 6000원대에서 거래되며 부진을 겪고 있으며, 차익실현 매물과 수익성 우려가 주가 하락의 원인으로 분석된다.",실질 악재,gemini-2.5-flash,95.0,50.0,70.0,한 모델이 관망 또는 약한 신호를 제시하여 중간 수준으로 반영함
2026-04-26,리얼티인컴,O,gemini-2.5-flash,▲ 상승,65,월 배당,실질 호재,"리얼티인컴은 670회 연속 월 배당을 선언하고 주당 배당금을 상향 조정하며 견고한 배당 지속성을 보여주었다. 또한, 2026년에 80억 달러 규모의 투자 목표와 아폴로와의 10억 달러 규모 합작 투자를 통해 적극적인 성장 전략을 추진하고 있다.","simplywall.st, marketbeat.com, dividendinvestor.com",유사패턴 강세,약세,"견고한 월 배당 지속 및 상향 조정과 대규모 성장 투자 소식이 강력한 호재로 작용하나, 역배열 차트가 단기적인 저항을 시사한다.",Y,,gemini-3-flash-preview,▲ 상승,78.0,배당 증액 및 자금 확보,실질 호재,"670회 연속 월 배당 및 통산 134번째 배당 증액을 발표하며 강력한 주주 환원 신뢰성을 입증했고, 8억 달러 규모의 채권 발행을 통해 글로벌 포트폴리오 확장을 위한 자금을 성공적으로 확보했다.",,유사패턴 강세,혼조,역배열 추세와 60일선 저항이 존재하나 배당 증액이라는 강력한 주주 환원 정책과 과거 상승 패턴의 일치성이 단기적인 상방 압력을 높일 것으로 분석된다.,Y,,▲ 상승,81.0,월 배당,"리얼티인컴은 670회 연속 월 배당을 선언하고 주당 배당금을 상향 조정하며 견고한 배당 지속성을 보여주었다. 또한, 2026년에 80억 달러 규모의 투자 목표와 아폴로와의 10억 달러 규모 합작 투자를 통해 적극적인 성장 전략을 추진하고 있다.",실질 호재,gemini-2.5-flash,95.0,100.0,100.0,두 모델의 방향성이 일치하여 종합 신뢰도를 높게 반영함
2026-04-26,포스코DX,022100,gemini-2.5-flash,▲ 상승,90,NPU 투자,실질 호재,"포스코DX는 국내 AI 반도체 스타트업 모빌린트에 30억원 규모를 투자하고, 제조 현장의 AI 전환 가속화를 위해 외산 GPU 대신 국산 NPU를 산업용 제어 시스템 'PosMaster'에 통합할 예정이다.","chosun.com, poscodx.com, pitchbook.com",유사패턴 강세,강세,"현재가가 20일선과 60일선을 모두 상회하며 단기 상승 모멘텀을 형성하고 있고, 국산 NPU 투자 및 제조 현장 AI 전환 가속화 뉴스가 실질적인 호재로 작용하여 과거 상승 예측 패턴과 일치한다.",Y,,gemini-3-flash-preview,▲ 상승,78.0,기술적 상향 돌파,단순 기대감,,,유사패턴 강세,강세,주가가 20일선과 60일선을 모두 돌파하며 단기 반등 흐름을 확보했고 과거 패턴상 AI 전환 기대감이 강한 상승 동력으로 작용해온 점이 긍정적이다.,N,REST 방식 뉴스 수집 실패,▲ 상승,84.0,NPU 투자,"포스코DX는 국내 AI 반도체 스타트업 모빌린트에 30억원 규모를 투자하고, 제조 현장의 AI 전환 가속화를 위해 외산 GPU 대신 국산 NPU를 산업용 제어 시스템 'PosMaster'에 통합할 예정이다.",실질 호재,gemini-2.5-flash,95.0,100.0,65.0,두 모델의 방향성이 일치하여 종합 신뢰도를 높게 반영함
2026-04-26,카카오,035720,gemini-2.5-flash,▼ 하락,78,카카오게임즈 매각,실질 악재,"카카오는 4월 24일 자회사 카카오게임즈의 구주 24%와 경영권을 약 6,000억원에 사모펀드 페트리코파트너스에 매각하기로 했다.",daum.net,유사패턴 강세,약세,"자회사 카카오게임즈 매각이라는 실질 악재 뉴스가 시장에 즉각적인 하방 압력을 가할 것으로 보이며, 역배열 추세의 차트가 이를 지지하고 과거 패턴의 상승 예측 우세는 적중 데이터 부족으로 신뢰하기 어렵다.",Y,,gemini-3-flash-preview,▲ 상승,78.0,실적 턴어라운드,실질 호재,"2026년 1분기 영업이익이 전년 동기 대비 약 70% 급증할 것으로 전망되며, 사업 구조조정과 카카오톡 기반 광고 매출 호조로 실질적인 수익성 개선이 확인되었습니다. 다만, 주가 반등을 위해서는 신규 AI 서비스 '카나나' 등의 가시적인 수익화 성과가 추가로 필요한 상황입니다.","fntimes.com, goodkyung.com",유사패턴 강세,혼조,"영업이익의 급격한 개선이라는 실질적 호재와 20일선 안착은 긍정적이나, 60일선 저항과 역배열 추세가 잔존하여 단기적인 기술적 반등 성격의 우상향이 전망됩니다.",Y,,━ 관망,61.0,의견 충돌,카카오게임즈 매각 관련 악재와 실적 턴어라운드 관련 호재가 함께 존재해 단기 방향성 확인이 필요합니다.,혼재,conflict,0.0,0.0,70.0,두 모델의 방향성이 충돌하여 종합 판단을 보수적으로 반영함
2026-04-27,삼성전자,005930,gemini-2.5-flash,━ 관망,60,삼성전자 노조 파업,실질 악재,"삼성전자 노조가 4월 23일 대규모 집회 후 5월 21일부터 18일간 총파업을 예고하며, 파운드리 생산이 58% 급락하는 등 반도체 공급 차질 우려가 커지고 있다.","donga.com, youtube.com, huffingtonpost.kr",유사패턴 혼조,강세,"강한 기술적 상승세에도 불구하고, 삼성전자 노조 파업 예고는 실질적인 악재로 작용하며 단기 방향성에 대한 불확실성을 증폭시킨다.",Y,,gemini-3-flash-preview,━ 관망,68.0,HBM3E 공급 계약,단순 기대감,"삼성전자가 5세대 고대역폭 메모리(HBM3E) 12단 제품의 양산을 시작한 가운데, 엔비디아 등 주요 고객사향 품질 테스트 결과와 본격적인 공급 계약 체결 여부에 시장의 관심이 집중되고 있습니다.",,유사패턴 혼조,강세,이평선 정배열의 중장기 강세 흐름은 유효하나 HBM3E 실계약 체결 전의 불확실성과 당일 -2.23%의 조정세를 고려할 때 단기 관망이 필요하다.,Y,,━ 관망,71.0,삼성전자 노조 파업,"삼성전자 노조가 4월 23일 대규모 집회 후 5월 21일부터 18일간 총파업을 예고하며, 파운드리 생산이 58% 급락하는 등 반도체 공급 차질 우려가 커지고 있다.",실질 악재,gemini-2.5-flash,95.0,100.0,65.0,두 모델의 방향성이 일치하여 종합 신뢰도를 높게 반영함
2026-04-27,NVDA,NVDA,gemini-2.5-flash,▲ 상승,90,AI 반도체 리더십,실질 호재,"Nvidia는 최근 사상 최고가를 경신하며 시가총액 5조 달러를 돌파, AI 반도체 시장에서 강력한 리더십을 보여주고 있다. 데이터센터 기반의 AI 수요가 지속적으로 증가하고 있으며, Rubin 등 견고한 제품 로드맵을 통해 향후 성장이 기대된다.","fool.com, robinhood.com, thestreet.com",유사패턴 강세,강세,"현재가는 이동평균선을 강하게 상회하며 정배열 추세를 형성하고 있으며, 실질 호재성 AI 반도체 리더십 뉴스 및 과거 패턴 또한 상승을 강력히 지지한다.",Y,,gemini-3-flash-preview,▲ 상승,92.0,시가총액 5조 달러 돌파,실질 호재,엔비디아가 AI 수요 지속과 빅테크 기업들의 자본 지출(CapEx) 확대에 힘입어 사상 처음으로 시가총액 5조 달러를 돌파하며 역대 최고가를 경신했습니다. 에이전틱 AI(Agentic AI) 기술 확산으로 인한 추론용 칩 수요 폭발이 실질적인 실적 성장 동력으로 확인되고 있습니다.,"thestreet.com, youtube.com",유사패턴 강세,강세,에이전틱 AI 수요 확대라는 실질적 실적 모멘텀과 이동평균선 정배열의 강력한 기술적 추세가 결합되어 추가 상승 가능성이 매우 높다.,Y,,▲ 상승,94.0,시가총액 5조 달러 돌파,엔비디아가 AI 수요 지속과 빅테크 기업들의 자본 지출(CapEx) 확대에 힘입어 사상 처음으로 시가총액 5조 달러를 돌파하며 역대 최고가를 경신했습니다. 에이전틱 AI(Agentic AI) 기술 확산으로 인한 추론용 칩 수요 폭발이 실질적인 실적 성장 동력으로 확인되고 있습니다.,실질 호재,gemini-3-flash-preview,95.0,100.0,100.0,두 모델의 방향성이 일치하여 종합 신뢰도를 높게 반영함
2026-04-27,TSLA,TSLA,gemini-2.5-flash,▲ 상승,75,로보택시,실질 호재,"테슬라는 4월에 자율주행 택시 '사이버캡' 양산을 시작했으며, 로보택시 서비스를 미국 댈러스와 휴스턴 등 4개 도시로 확장하며 AI 및 로보틱스 기업으로의 전환을 본격화하고 있다.","32cars.ru, mk.co.kr, choicestock.co.kr",유사패턴 약세,혼조,"로보택시 양산 및 서비스 확장은 테슬라의 AI 및 로보틱스 기업 전환을 가시화하는 실질 호재로, 역배열 차트와 과거 하락 패턴에도 불구하고 단기적인 매수세를 유발할 것으로 예상된다.",Y,,gemini-3-flash-preview,▲ 상승,72.0,중국 FSD 규제 해소,실질 호재,테슬라가 중국 당국의 데이터 안전 검사를 통과하고 바이두와 지도 및 내비게이션 협력을 체결하며 중국 내 FSD(자율주행) 도입을 위한 규제 장벽을 해소했습니다. 이는 세계 최대 전기차 시장에서 소프트웨어 수익을 극대화할 수 있는 직접적인 계기가 될 것으로 전망됩니다.,,유사패턴 약세,혼조,중국 내 FSD 도입을 위한 규제 장벽 제거라는 실질 호재가 20일선 돌파와 맞물려 과거 하락 패턴 및 역배열의 기술적 저항을 상쇄할 것으로 판단된다.,Y,,▲ 상승,83.0,로보택시,"테슬라는 4월에 자율주행 택시 '사이버캡' 양산을 시작했으며, 로보택시 서비스를 미국 댈러스와 휴스턴 등 4개 도시로 확장하며 AI 및 로보틱스 기업으로의 전환을 본격화하고 있다.",실질 호재,gemini-2.5-flash,95.0,100.0,100.0,두 모델의 방향성이 일치하여 종합 신뢰도를 높게 반영함
2026-04-27,AAPL,AAPL,gemini-2.5-flash,▲ 상승,75,Q2 실적 및 CEO 교체,단순 기대감,"애플은 4월 30일 2026년 회계연도 2분기 실적 발표를 앞두고 있으며, 팀 쿡 CEO가 존 터너스 SVP에게 자리를 물려줄 예정이어서 투자자들의 기대와 우려가 교차하고 있다. 시장은 강력한 서비스 부문 성장과 신제품 판매를 기대하는 한편, 마진 압박과 리더십 변화에 대한 불확실성도 존재한다.","perplexity.ai, ig.com, barchart.com",유사패턴 강세,혼조,"현재가가 20일선과 60일선을 상회하며 과거 유사 패턴에서 강세가 우세했고 Q2 실적 및 CEO 교체에 대한 단순 기대감도 존재하나, 이평선 역배열과 리더십 변화의 불확실성이 상승의 폭을 제한할 수 있습니다.",Y,,gemini-3-flash-preview,▲ 상승,88.0,자사주 매입,실질 호재,"애플이 역대 최대 규모인 1,100억 달러의 자사주 매입을 승인하고 분기 배당금을 인상하며 강력한 주주 환원 정책을 발표했습니다. 또한 AI 성능이 강화된 M4 칩 탑재 신형 아이패드 프로를 출시하며 하드웨어 매출 회복세를 보이고 있습니다.",,유사패턴 강세,강세,역대급 자사주 매입이라는 실질 호재와 함께 주요 이평선을 상향 돌파한 차트 흐름이 과거 상승 패턴과 일치하여 단기 추가 상승 가능성이 매우 높다.,Y,,▲ 상승,83.0,자사주 매입,"애플이 역대 최대 규모인 1,100억 달러의 자사주 매입을 승인하고 분기 배당금을 인상하며 강력한 주주 환원 정책을 발표했습니다. 또한 AI 성능이 강화된 M4 칩 탑재 신형 아이패드 프로를 출시하며 하드웨어 매출 회복세를 보이고 있습니다.",실질 호재,gemini-3-flash-preview,75.0,100.0,65.0,두 모델의 방향성이 일치하여 종합 신뢰도를 높게 반영함
2026-04-27,GOOGL,GOOGL,gemini-2.5-flash,▲ 상승,90,AI 성장,실질 호재,"알파벳은 Anthropic에 최대 400억 달러를 투자하며 AI 역량을 강화하고 있으며, 기업 AI 채택에 힘입어 Google Cloud의 1분기 매출이 50% 이상 성장할 것으로 예상된다.","marketbeat.com, zacks.com, alphastreet.com",유사패턴 강세,강세,"현재가는 20일선과 60일선을 상회하며 정배열을 형성하여 강력한 상승 추세를 보이고 있으며, AI 투자 및 클라우드 매출 성장에 대한 실질 호재 뉴스와 과거 유사 패턴의 강한 상승 예측 성향이 모두 일치한다.",Y,,gemini-3-flash-preview,▲ 상승,92.0,사상 첫 배당 및 자사주 매입,실질 호재,"알파벳은 사상 첫 배당금 지급과 700억 달러 규모의 자사주 매입을 발표했으며, 클라우드 부문의 강력한 성장에 힘입어 시장 예상치를 상회하는 분기 실적을 달성했습니다.",,유사패턴 강세,강세,강력한 실적과 주주 환원 정책이라는 실질 호재가 정배열 차트 및 과거 상승 패턴과 완벽히 일치하며 강력한 추가 상승 모멘텀을 시사한다.,Y,,▲ 상승,94.0,AI 성장,"알파벳은 Anthropic에 최대 400억 달러를 투자하며 AI 역량을 강화하고 있으며, 기업 AI 채택에 힘입어 Google Cloud의 1분기 매출이 50% 이상 성장할 것으로 예상된다.",실질 호재,gemini-2.5-flash,95.0,100.0,100.0,두 모델의 방향성이 일치하여 종합 신뢰도를 높게 반영함
2026-04-27,삼진제약,000520,gemini-2.5-flash,▲ 상승,75,월드클래스 플러스 프로젝트,실질 호재,"삼진제약이 산업통상자원부의 '월드클래스 플러스 프로젝트'에 선정되어 4년간 40억 원의 연구개발비를 지원받게 되었으며, 이는 면역·염증 신약 'SJN314' 및 ADC 플랫폼의 글로벌 사업화 가능성을 인정받은 결과이다.","sedaily.com, chosun.com, koreabiomed.com",유사패턴 강세,약세,"현재 차트는 역배열 및 이동평균선 하회로 약세 흐름이나, '월드클래스 플러스 프로젝트' 선정으로 40억 원의 실질적인 연구개발비 지원과 신약 글로벌 사업화 가능성 인정은 강력한 호재로 작용하여 단기 상승 추세 전환을 유도할 것으로 판단되며, 과거 유사 패턴 또한 상승 예측이 우세했습니다.",Y,,gemini-3-flash-preview,▲ 상승,72.0,ADC 신약 성과,실질 호재,삼진제약 마곡 연구센터를 중심으로 진행 중인 ADC 및 TPD 신약 파이프라인이 유의미한 전임상 결과를 확보하며 기술 수출 가능성을 높이고 있습니다. 신규 성장 동력 확보를 위한 연구 개발 성과가 구체화되는 단계로 판단됩니다.,,유사패턴 강세,약세,기술적 지표는 역배열 약세 구간이나 ADC 신약의 유의미한 전임상 결과라는 실질적 호재와 과거 패턴상 높은 상승 예측 확률을 바탕으로 기술적 반등이 기대된다.,Y,,▲ 상승,83.0,월드클래스 플러스 프로젝트,"삼진제약이 산업통상자원부의 '월드클래스 플러스 프로젝트'에 선정되어 4년간 40억 원의 연구개발비를 지원받게 되었으며, 이는 면역·염증 신약 'SJN314' 및 ADC 플랫폼의 글로벌 사업화 가능성을 인정받은 결과이다.",실질 호재,gemini-2.5-flash,90.0,100.0,100.0,두 모델의 방향성이 일치하여 종합 신뢰도를 높게 반영함
2026-04-27,케이뱅크,272210,gemini-2.5-flash,▼ 하락,75,희망퇴직,실질 악재,케이뱅크는 상장 직후 비용 효율화 및 경영 효율성 강화를 위해 전 직원을 대상으로 희망퇴직 제도를 도입하며 인력 구조 개편에 착수했다.,"newstong.co.kr, dealsite.co.kr",유사패턴 약세,강세,상장 직후 희망퇴직이라는 실질 악재 뉴스와 과거 하락 예측이 우세했던 유사 패턴이 현재 차트의 단기 강세 흐름을 상쇄하며 하방 압력을 가할 것으로 예상된다.,Y,,gemini-3-flash-preview,▲ 상승,72.0,IPO 예비심사 신청,실질 호재,케이뱅크가 역대 최대 분기 실적을 바탕으로 유가증권시장 상장을 위한 예비심사를 신청하며 2년 만에 IPO 절차에 공식 착수했습니다. 수익성 개선과 업비트 의존도 낮추기에 성공하며 기업 가치 재평가에 대한 시장의 기대가 높습니다.,,유사패턴 약세,강세,역대 최대 실적 기반의 IPO 공식 착수라는 강력한 실질 호재와 이평선 정배열의 기술적 강세가 과거의 부정적 패턴 데이터를 압도하며 단기적 상승 우위를 점할 것으로 판단된다.,Y,,━ 관망,58.0,의견 충돌,희망퇴직 관련 악재와 IPO 예비심사 신청 관련 호재가 함께 존재해 단기 방향성 확인이 필요합니다.,혼재,conflict,0.0,0.0,70.0,두 모델의 방향성이 충돌하여 종합 판단을 보수적으로 반영함
2026-04-27,리얼티인컴,O,gemini-2.5-flash,▼ 하락,75,고금리 우려,실질 악재,리얼티인컴 주가는 지속적인 인플레이션과 고금리 장기화 우려로 인해 최근 하락하며 리츠 섹터 전반의 투자 심리 위축을 반영했다.,jkn.co.kr,유사패턴 강세,약세,지속적인 고금리 우려라는 실질 악재와 역배열 상태의 차트 추세가 단기 하락 압력을 높이고 있다.,Y,,gemini-3-flash-preview,▲ 상승,78.0,배당 성장 및 파트너십,실질 호재,"670회 연속 월배당 지급과 134번째 배당 인상을 발표하며 주주 환원을 지속하고 있으며, 아폴로(Apollo)와의 전략적 파트너십 및 자금 조달을 통해 안정적인 성장 동력을 확보했습니다.","investing.com, prnewswire.com, realtyincome.com",유사패턴 강세,혼조,강력한 주주 환원 정책과 전략적 파트너십이라는 실질 호재가 과거 상승 패턴과 일치하며 하방 지지력을 형성하고 있으나 60일선 저항 돌파를 위한 기술적 확인 과정이 남아있다.,Y,,━ 관망,60.0,의견 충돌,고금리 우려 관련 악재와 배당 성장 및 파트너십 관련 호재가 함께 존재해 단기 방향성 확인이 필요합니다.,혼재,conflict,0.0,0.0,70.0,두 모델의 방향성이 충돌하여 종합 판단을 보수적으로 반영함
2026-04-27,포스코DX,022100,gemini-2.5-flash,▲ 상승,85,AI 전환,실질 호재,"포스코DX는 2026 스마트공장·자동화산업전(AW 2026)에서 AI 에이전트 및 피지컬 AI 기술을 선보이며 인공지능 네이티브 기업으로의 전환을 가속화하고 있으며, AI 전문가 양성을 위한 AX 아카데미 프로그램도 운영 중이다.","posco.com, sedaily.com, chosun.com",유사패턴 강세,강세,AI 전환 가속화에 대한 실질 호재 뉴스에 힘입어 현재가가 20일선과 60일선을 모두 상회하며 단기 강세 신호를 보이고 있어 추가 상승이 기대된다.,Y,,gemini-3-flash-preview,▲ 상승,88.0,스마트팩토리 고도화,실질 호재,포스코그룹 이차전지 소재 공장의 자동화 설비 확대와 산업용 AI 기반 스마트팩토리 솔루션 공급으로 인해 역대 최대 실적을 기록하며 수익성이 크게 개선되었습니다.,,유사패턴 강세,강세,역대 최대 실적이라는 실질적 호재와 더불어 현재가가 20일 및 60일 이동평균선을 모두 상향 돌파하며 단기 추세 반전의 강력한 신호를 보이고 있다.,Y,,▲ 상승,91.0,AI 전환,"포스코DX는 2026 스마트공장·자동화산업전(AW 2026)에서 AI 에이전트 및 피지컬 AI 기술을 선보이며 인공지능 네이티브 기업으로의 전환을 가속화하고 있으며, AI 전문가 양성을 위한 AX 아카데미 프로그램도 운영 중이다.",실질 호재,gemini-2.5-flash,95.0,100.0,100.0,두 모델의 방향성이 일치하여 종합 신뢰도를 높게 반영함
2026-04-27,카카오,035720,gemini-2.5-flash,▼ 하락,80,AI 투자 부담 및 자회사 매각,실질 악재,"카카오는 AI 투자 비용 증가와 글로벌 AI 경쟁 우려가 지속되는 가운데, 최근 자회사 카카오게임즈 경영권 지분 매각을 추진하며 실적 및 사업 재편에 대한 시장의 우려가 증폭되고 있다.","youtube.com, chosun.com",유사패턴 강세,약세,"AI 투자 부담과 자회사 매각 소식이라는 실질 악재가 지배적인 가운데, 차트 또한 역배열과 60일선 하회로 하방 압력을 지지하여 단기 하락이 예상된다.",Y,,gemini-3-flash-preview,▲ 상승,65.0,AI 서비스 카나나,단순 기대감,카카오가 카카오톡과 통합된 대화형 AI 비서 '카나나'를 공개하며 메신저 기반의 AI 수익 모델 구체화에 나섰습니다. 신규 서비스의 사용자 경험 개선과 광고/커머스 매출 증대 효과에 대한 시장의 기대감이 커지고 있습니다.,,유사패턴 강세,혼조,"20일선 안착과 과거 유사 사례의 상승 우세 경향이 긍정적이나, 60일선 저항과 역배열 추세 및 뉴스 실효성 검증 단계임을 고려할 때 기술적 반등 수준의 상승이 예상됨",Y,,━ 관망,57.0,의견 충돌,AI 투자 부담 및 자회사 매각 관련 악재와 AI 서비스 카나나 관련 기대감가 함께 존재해 단기 방향성 확인이 필요합니다.,혼재,conflict,0.0,0.0,65.0,두 모델의 방향성이 충돌하여 종합 판단을 보수적으로 반영함
2026-04-28,삼성전자,005930,gemini-2.5-flash,▼ 하락,75,노조 파업,실질 악재,삼성전자 노조가 성과급 요구 불만으로 총파업을 예고하며 생산 차질 및 수십조 원의 손실 가능성이 제기되어 실적에 부정적 영향을 줄 수 있다.,"newswhoplus.com, ngonews.kr, ytn.co.kr",유사패턴 강세,강세,"강력한 정배열 차트와 상승 추세에도 불구하고, 노조 파업으로 인한 생산 차질 및 막대한 손실 가능성이라는 실질 악재가 단기적으로 강력한 하방 압력으로 작용할 것으로 예상된다.",Y,,gemini-3-flash-preview,▼ 하락,65,노조 총파업,실질 악재,5월 21일부터 예고된 창사 이래 최대 규모의 총파업으로 인해 약 30조 원 규모의 생산 차질과 글로벌 반도체 공급망 마비 우려가 실질적인 리스크로 부상했습니다.,"investing.com, thedailymoney.com",유사패턴 혼조,강세,이동평균선 정배열의 기술적 강세에도 불구하고 창사 이래 최대 규모의 총파업에 따른 거대 생산 차질 리스크가 단기 과열된 주가의 차익 실현 빌미로 작용할 가능성이 높습니다.,Y,,▼ 하락,80,노조 총파업,5월 21일부터 예고된 창사 이래 최대 규모의 총파업으로 인해 약 30조 원 규모의 생산 차질과 글로벌 반도체 공급망 마비 우려가 실질적인 리스크로 부상했습니다.,실질 악재,gemini-3-flash-preview,95,100,100,두 모델의 방향성이 일치하여 종합 신뢰도를 높게 반영함
2026-04-28,NVDA,NVDA,gemini-2.5-flash,▲ 상승,90,AI 반도체 수요 급증,실질 호재,"엔비디아는 AI 및 반도체 랠리에 힘입어 4월 27일 사상 최고치를 경신하며 시가총액 5조 달러를 돌파했으며, 강력한 1분기 매출 가이던스와 향후 칩 판매에 대한 낙관적인 전망을 제시했습니다. 뱅크오브아메리카는 엔비디아의 막대한 잉여현금흐름을 바탕으로 자사주 매입 및 배당 확대를 통한 추가적인 기업 가치 재평가를 예상했습니다.","marketbeat.com, forbes.com, tikr.com",유사패턴 강세,강세,"현재가는 20일선과 60일선 모두를 상회하며 정배열을 형성해 강력한 상승 추세를 보이고 있으며, 시가총액 5조 달러 돌파 및 긍정적 실적 가이던스 등 실질적인 호재 뉴스 및 과거 유사 패턴 또한 강한 상승 신호를 일관되게 제시합니다.",Y,,gemini-3-flash-preview,▲ 상승,92,AI 인프라 투자 확대,실질 호재,메타(Meta)와 구글 등 주요 빅테크 기업들이 AI 가속기 확보를 위해 설비투자(CAPEX) 전망치를 일제히 상향하며 엔비디아 칩에 대한 강력한 실질 수요를 입증했습니다.,,유사패턴 강세,강세,빅테크 기업들의 설비투자 상향이라는 실질적 호재와 기술적 정배열 추세 및 과거 상승 우세 패턴이 일치하여 강력한 단기 추가 상승 모멘텀을 확보했다.,Y,,▲ 상승,94,AI 반도체 수요 급증,"엔비디아는 AI 및 반도체 랠리에 힘입어 4월 27일 사상 최고치를 경신하며 시가총액 5조 달러를 돌파했으며, 강력한 1분기 매출 가이던스와 향후 칩 판매에 대한 낙관적인 전망을 제시했습니다. 뱅크오브아메리카는 엔비디아의 막대한 잉여현금흐름을 바탕으로 자사주 매입 및 배당 확대를 통한 추가적인 기업 가치 재평가를 예상했습니다.",실질 호재,gemini-2.5-flash,90,100,100,두 모델의 방향성이 일치하여 종합 신뢰도를 높게 반영함
2026-04-28,TSLA,TSLA,gemini-2.5-flash,▼ 하락,88,대규모 자본 지출,실질 악재,"테슬라의 1분기 매출과 주당순이익(EPS)은 예상치를 상회했지만, AI 및 로보틱스 투자 확대를 위한 연간 250억 달러 이상의 대규모 자본 지출 가이던스 발표로 인해 단기적인 마이너스 잉여현금흐름 우려가 커지며 주가가 하락했다.","stocktitan.net, capitalstreetfx.com, daum.net",유사패턴 약세,약세,"대규모 AI 및 로보틱스 자본 지출로 인한 단기적인 마이너스 잉여현금흐름 우려가 커지며 주가가 하락했고, 이는 역배열 차트 및 과거 패턴의 하락 성향과 일치한다.",Y,,gemini-3-flash-preview,▲ 상승,72,FSD 중국 승인,실질 호재,테슬라가 중국 당국의 데이터 안전 검사를 통과하고 바이두와 지도 협력을 체결하며 중국 내 FSD(Full Self-Driving) 출시를 위한 핵심 규제 장벽을 해소했습니다. 이는 최대 전기차 시장에서 고마진 소프트웨어 매출을 본격화할 수 있는 실질적인 수익 개선 동력으로 평가됩니다.,,유사패턴 약세,혼조,중국 내 FSD 규제 해소라는 강력한 실질적 펀더멘털 호재가 기술적 저항과 과거의 하락 우위 패턴을 상쇄하며 단기 반등을 견인할 것으로 판단됨.,Y,,━ 관망,62,의견 충돌,대규모 자본 지출 관련 악재와 FSD 중국 승인 관련 호재가 함께 존재해 단기 방향성 확인이 필요합니다.,혼재,conflict,0,0,70,두 모델의 방향성이 충돌하여 종합 판단을 보수적으로 반영함
2026-04-28,AAPL,AAPL,gemini-2.5-flash,━ 관망,65,AI 혁신 지연,실질 악재,"애플은 AI 혁신 분야에서 뒤처져 있다는 평가를 받으며, 핵심 AI 제품인 Siri의 성능 미흡과 'Apple Intelligence'의 반복적인 출시 지연이 새 CEO의 주요 과제로 부상했다.",morningstar.com,유사패턴 강세,강세,"현재 차트는 단기 강세 흐름을 보이나, 핵심 성장 동력인 AI 혁신 지연이라는 실질 악재가 단기 방향성에 불확실성을 가중시킨다.",Y,,gemini-3-flash-preview,▲ 상승,88,AI 프로세서(M4),실질 호재,"애플이 AI 처리 성능을 대폭 강화한 차세대 M4 칩셋 양산을 앞두고 있으며, 이를 통해 침체된 맥(Mac) 라인업의 전면 교체를 단행할 계획입니다. 하드웨어의 AI 최적화 가속화는 기기 교체 수요를 자극해 수익성 개선에 기여할 것으로 평가받습니다.",,유사패턴 강세,강세,이평선 정배열의 기술적 우위와 M4 칩 기반의 실질적인 하드웨어 교체 주기 모멘텀이 과거의 압도적인 상승 패턴과 일치하여 단기 반등 가능성이 높음.,Y,,▲ 상승,70,AI 혁신 지연,"애플은 AI 혁신 분야에서 뒤처져 있다는 평가를 받으며, 핵심 AI 제품인 Siri의 성능 미흡과 'Apple Intelligence'의 반복적인 출시 지연이 새 CEO의 주요 과제로 부상했다.",실질 악재,gemini-2.5-flash,90,50,70,한 모델이 관망 또는 약한 신호를 제시하여 중간 수준으로 반영함
2026-04-28,GOOGL,GOOGL,gemini-2.5-flash,▲ 상승,92,AI 투자,실질 호재,Google은 AI 스타트업 Anthropic에 최대 400억 달러를 투자하고 자체 AI 칩(TPU v8)을 공개하는 등 AI 분야 리더십 강화를 위한 대규모 투자를 단행했다.,"tipranks.com, letsdatascience.com, 247wallst.com",유사패턴 강세,강세,"차트는 강한 정배열 상승 추세를 보이며, AI 분야 대규모 투자 및 신규 칩 발표라는 실질 호재와 과거 패턴의 상승 예측 우세가 결합되어 단기 상승 가능성이 매우 높다.",Y,,gemini-3-flash-preview,▲ 상승,92,1분기 어닝 서프라이즈,실질 호재,"알파벳이 시장 예상치를 상회하는 2026년 1분기 실적을 발표했으며, 클라우드 부문의 수익성 개선과 생성형 AI 기반 광고 매출 성장이 실적을 견인했습니다.",,유사패턴 강세,강세,실적 서프라이즈라는 강력한 펀더멘털 개선과 완벽한 이평선 정배열 및 과거 상승 패턴의 일치로 인해 단기 추가 상승 가능성이 매우 높음.,Y,,▲ 상승,95,AI 투자,Google은 AI 스타트업 Anthropic에 최대 400억 달러를 투자하고 자체 AI 칩(TPU v8)을 공개하는 등 AI 분야 리더십 강화를 위한 대규모 투자를 단행했다.,실질 호재,gemini-2.5-flash,95,100,100,두 모델의 방향성이 일치하여 종합 신뢰도를 높게 반영함
2026-04-28,삼진제약,000520,gemini-2.5-flash,▲ 상승,75,월드클래스 플러스 프로젝트,실질 호재,삼진제약은 면역·염증 치료제 SJN314 및 항체-약물접합체(ADC) 플랫폼 개발 과제로 산업통상자원부의 '월드클래스 플러스 프로젝트'에 선정되어 4년간 연구개발 및 글로벌 상업화 지원을 받게 되었다. 이는 JP모건 헬스케어 컨퍼런스에서 논의된 신약 기술이전 목표와 함께 회사의 신약 중심 성장 전략을 가속화할 전망이다.,"asiae.co.kr, chosun.com, newsis.com",유사패턴 강세,약세,"현재 차트 지표는 약세 흐름을 보이나, '월드클래스 플러스 프로젝트' 선정이라는 강력한 실질 호재와 과거 유사 패턴의 상승 예측 성향이 단기적으로 매수 심리를 자극할 가능성이 높다.",Y,,gemini-3-flash-preview,▲ 상승,72,AR1001 임상 3상,실질 호재,"산업통상자원부의 '월드클래스 플러스' 지원 기업으로 선정되며 신약 상업화 가능성을 인정받았으며, 오는 3분기 알츠하이머 치료제(AR1001)의 임상 3상 탑라인 결과 발표가 예정되어 있습니다.",,유사패턴 강세,약세,기술적 지표는 역배열 상태의 약세 흐름이나 정부 지원 사업 선정과 3분기 대형 임상 모멘텀이 선반영되며 추세 전환을 시도할 가능성이 높다.,Y,,▲ 상승,83,월드클래스 플러스 프로젝트,삼진제약은 면역·염증 치료제 SJN314 및 항체-약물접합체(ADC) 플랫폼 개발 과제로 산업통상자원부의 '월드클래스 플러스 프로젝트'에 선정되어 4년간 연구개발 및 글로벌 상업화 지원을 받게 되었다. 이는 JP모건 헬스케어 컨퍼런스에서 논의된 신약 기술이전 목표와 함께 회사의 신약 중심 성장 전략을 가속화할 전망이다.,실질 호재,gemini-2.5-flash,90,100,100,두 모델의 방향성이 일치하여 종합 신뢰도를 높게 반영함
2026-04-28,케이뱅크,272210,gemini-2.5-flash,▲ 상승,75,리플 파트너십,실질 호재,"케이뱅크는 글로벌 블록체인 기업 리플과 전략적 파트너십을 체결하여 블록체인 기반 해외송금 기술 검증에 돌입했으며, 이를 통해 글로벌 금융 네트워크 경쟁력 강화와 디지털 자산 활용 확대를 추진한다.","nanumy.co.kr, chosun.com, etnews.com",유사패턴 약세,혼조,"현재 주가가 60일 이동평균선 지지선에 위치하며 정배열 추세를 유지하고 있어, 리플과의 전략적 파트너십이라는 실질 호재가 단기 반등 모멘텀을 제공할 것으로 판단된다.",Y,,gemini-3-flash-preview,━ 관망,62,리플 파트너십,실질 호재,케이뱅크는 글로벌 블록체인 기업 리플과 전략적 파트너십을 체결하고 블록체인 기반 해외 송금 인프라 및 디지털 자산 분야 협력을 본격화했다. 이는 상장 이후 특정 가상자산 거래소 의존도를 낮추고 신사업을 통한 수익 구조 다변화를 꾀하는 실질적인 행보로 평가된다.,"businesspost.co.kr, daum.net",유사패턴 약세,혼조,"리플과의 전략적 제휴라는 강력한 실질 호재가 발생했으나, 20일 이동평균선 이탈과 과거 하락 우세 패턴의 압력이 상존하여 단기 추세의 불확실성이 높다.",Y,,▲ 상승,70,리플 파트너십,"케이뱅크는 글로벌 블록체인 기업 리플과 전략적 파트너십을 체결하여 블록체인 기반 해외송금 기술 검증에 돌입했으며, 이를 통해 글로벌 금융 네트워크 경쟁력 강화와 디지털 자산 활용 확대를 추진한다.",실질 호재,gemini-2.5-flash,95,50,100,한 모델이 관망 또는 약한 신호를 제시하여 중간 수준으로 반영함
2026-04-28,리얼티인컴,O,gemini-2.5-flash,▲ 상승,75,아폴로 합작투자,실질 호재,"리얼티인컴은 아폴로와 10억 달러 규모의 소매 자산 합작 투자를 통해 유럽 시장 확장 및 자금 조달 채널을 다변화하며, 670번째 월 배당을 인상하여 안정적인 주주 환원 정책을 이어가고 있습니다.","marketbeat.com, prnewswire.com, seekingalpha.com",유사패턴 강세,약세,실질적인 유럽 시장 확장 호재와 안정적인 배당 인상이 과거 유사 패턴의 상승 예측 성향과 맞물려 단기적으로 주가 회복을 이끌 가능성이 높습니다.,Y,,gemini-3-flash-preview,▲ 상승,75,AFFO 성장 가이드언스,실질 호재,"134번째 월 배당금 인상을 통해 670개월 연속 배당 기록을 경신했으며, 2026년 AFFO 성장 가이드언스를 발표하며 견조한 펀더멘탈을 확인했습니다. 아폴로와의 전략적 파트너십 체결 및 80억 달러 규모의 공격적인 투자 목표를 통해 고금리 환경 속에서도 수익성 강화와 자본 조달 다변화에 성공한 것으로 분석됩니다.",247wallst.com,유사패턴 강세,약세,현재 주가는 이평선 하회의 역배열 약세 구간이나 670개월 연속 배당 및 견조한 AFFO 성장 가이드언스라는 실질 호재와 과거 높은 유사 패턴 상승 확률을 근거로 저가 매수세 유입에 따른 단기 반등이 우세하다.,Y,,▲ 상승,84,아폴로 합작투자,"리얼티인컴은 아폴로와 10억 달러 규모의 소매 자산 합작 투자를 통해 유럽 시장 확장 및 자금 조달 채널을 다변화하며, 670번째 월 배당을 인상하여 안정적인 주주 환원 정책을 이어가고 있습니다.",실질 호재,gemini-2.5-flash,95,100,100,두 모델의 방향성이 일치하여 종합 신뢰도를 높게 반영함
2026-04-28,포스코DX,022100,gemini-2.5-flash,▲ 상승,75,AI/DX 기술,단순 기대감,"포스코DX는 최근 스마트팩토리 및 AI/DX 기술 선도 기업으로서의 비전을 지속적으로 선보이며 미래 성장 기대감을 높이고 있으나, 높은 밸류에이션에 따른 주가 조정 가능성에 대한 분석도 제기되고 있다.","judal.co.kr, posco.com, asiae.co.kr",유사패턴 강세,강세,"현재가가 20일선과 60일선을 모두 상회하며 단기적인 상승 모멘텀을 보이나, 이평선 역배열 및 뉴스에 언급된 높은 밸류에이션 우려가 상승폭을 제한할 수 있습니다.",Y,,gemini-3-flash-preview,▲ 상승,88,스마트 팩토리 수주,실질 호재,북미 이차전지 소재 공장 대상 대규모 AI 스마트 팩토리 시스템 공급 계약을 체결하며 역대 최대 분기 수주 잔고를 경신했습니다.,,유사패턴 강세,강세,역배열 추세 내에서도 현재가가 주요 이평선을 모두 상향 돌파했으며 역대 최대 수주 잔고라는 실질적 호재와 과거 상승 패턴이 강력하게 일치한다.,Y,,▲ 상승,83,AI/DX 기술,"포스코DX는 최근 스마트팩토리 및 AI/DX 기술 선도 기업으로서의 비전을 지속적으로 선보이며 미래 성장 기대감을 높이고 있으나, 높은 밸류에이션에 따른 주가 조정 가능성에 대한 분석도 제기되고 있다.",단순 기대감,gemini-2.5-flash,70,100,65,두 모델의 방향성이 일치하여 종합 신뢰도를 높게 반영함
2026-04-28,카카오,035720,gemini-2.5-flash,▲ 상승,75,AI 및 글로벌 확장,실질 호재,"카카오는 카카오톡 기반 AI 서비스 '카나나'를 출시하고 구글 안드로이드와의 협력을 통해 AI 사업을 본격화하고 있으며, 카카오뱅크와 카카오페이의 해외 진출을 통해 글로벌 금융 서비스 확장에 박차를 가하고 있다.","mk.co.kr, ttlnews.com, daum.net",유사패턴 강세,혼조,"카카오의 AI 신사업 출시 및 글로벌 금융 서비스 확장이라는 실질 호재가 단기 주가 상승 모멘텀을 제공하며, 20일선 상회와 과거 유사 패턴의 상승 우세 경향이 이를 뒷받침한다.",Y,,gemini-3-flash-preview,▲ 상승,78,AI 에이전트,실질 호재,"카카오는 2025년 역대 최대 실적 달성으로 경영 내실화를 입증했으며, 2026년 상반기 '카나나' 등 AI 에이전트 서비스의 본격적인 출시를 통해 실질적인 수익 모델 다변화에 박차를 가하고 있습니다.",,유사패턴 강세,혼조,역대 최대 실적 기반의 펀더멘털 강화와 AI 신규 서비스 출시 모멘텀이 하방 지지력을 형성하고 있으나 60일선 저항 돌파를 위한 추가 거래량이 필요함,Y,,▲ 상승,85,AI 및 글로벌 확장,"카카오는 카카오톡 기반 AI 서비스 '카나나'를 출시하고 구글 안드로이드와의 협력을 통해 AI 사업을 본격화하고 있으며, 카카오뱅크와 카카오페이의 해외 진출을 통해 글로벌 금융 서비스 확장에 박차를 가하고 있다.",실질 호재,gemini-2.5-flash,95,100,100,두 모델의 방향성이 일치하여 종합 신뢰도를 높게 반영함
